page,clicks,impressions,ctr_pct,position
https://9takes.com/enneagram-corner/enneagram-and-mental-illness,332,14324,2.32,8.7
https://9takes.com/enneagram-corner/enneagram-and-adhd-which-types-struggle-most,262,5099,5.14,5.5
https://9takes.com/personality-analysis/jordi-hays,195,8959,2.18,7.1
https://9takes.com/enneagram-corner/mental-health/enneagram-neurodivergence-guide,122,5390,2.26,7.4
https://9takes.com/enneagram-corner/depression-patterns-by-enneagram-type,119,5571,2.14,8.7
https://9takes.com/enneagram-corner/enneagram-compatibility-matrix,107,10788,0.99,12.2
https://9takes.com/enneagram-corner/astrology-and-the-enneagram,101,11327,0.89,8.8
https://9takes.com/,78,583,13.38,8.7
https://9takes.com/enneagram-corner/toxic-traits-of-each-enneagram-type,63,4347,1.45,10.7
https://9takes.com/enneagram-corner/attachment-styles-and-enneagram-types,56,7965,0.70,8.2
https://9takes.com/enneagram-corner/toxic-traits-relationships-warning-signs,46,2512,1.83,9.2
https://9takes.com/enneagram-corner/enneagram-wings-complete-guide,39,9194,0.42,12.5
https://9takes.com/personality-analysis/ryan-gosling,39,3989,0.98,8.0
https://9takes.com/pop-culture/kardashian-family-enneagram-analysis,39,2983,1.31,9.5
https://9takes.com/personality-analysis/shawn-ryan,38,4009,0.95,8.9
https://9takes.com/enneagram-corner/biggest-compliments-to-give-each-enneagram-type,37,1069,3.46,6.4
https://9takes.com/enneagram-corner/how-each-enneagram-type-manipulates,37,3422,1.08,7.6
https://9takes.com/enneagram-corner/enneagram-instinctual-subtypes,36,8931,0.40,15.1
https://9takes.com/personality-analysis/sky-bri,36,5316,0.68,8.5
https://9takes.com/enneagram-corner/mental-health/enneagram-addiction-recovery-guide,34,2410,1.41,8.7
https://9takes.com/personality-analysis/kara-swisher,34,3089,1.10,9.3
https://9takes.com/personality-analysis/type/9,32,4385,0.73,38.8
https://9takes.com/personality-analysis/blake-lively,30,1392,2.16,7.3
https://9takes.com/personality-analysis/zendaya,30,5095,0.59,9.1
https://9takes.com/enneagram-corner/enneagram-types-and-career-choices,29,3047,0.95,19.2
https://9takes.com/enneagram-corner/enneagram-strengths-and-weaknesses,27,1861,1.45,9.8
https://9takes.com/personality-analysis/lionel-messi,27,4111,0.66,9.0
https://9takes.com/personality-analysis/ishowspeed,26,14388,0.18,8.0
https://9takes.com/personality-analysis/jack-black,26,3183,0.82,8.2
https://9takes.com/enneagram-corner/enneagram-test-comparison-2025,23,9538,0.24,13.6
https://9takes.com/personality-analysis/meghan-markle,23,2303,1.00,8.5
https://9takes.com/enneagram-corner/enneagram-mental-health-flags,22,872,2.52,9.2
https://9takes.com/personality-analysis/tina-fey,22,1711,1.29,7.3
https://9takes.com/personality-analysis/type/2,22,2949,0.75,23.7
https://9takes.com/personality-analysis,21,953,2.20,12.0
https://9takes.com/personality-analysis/type/4,20,1785,1.12,13.9
https://9takes.com/enneagram-corner/how-to-apologize-like-a-pro,19,1170,1.62,7.8
https://9takes.com/personality-analysis/dario-amodei,19,1947,0.98,8.0
https://9takes.com/personality-analysis/type/3,17,1997,0.85,12.5
https://9takes.com/pop-culture/ghislaine-maxwell-psychology,17,883,1.93,9.4
https://9takes.com/enneagram-corner/enneagram-type-5,16,1647,0.97,15.8
https://9takes.com/personality-analysis/benson-boone,16,1758,0.91,9.3
https://9takes.com/personality-analysis/bob-dylan,16,1947,0.82,9.1
https://9takes.com/personality-analysis/marilyn-monroe,16,1935,0.83,11.8
https://9takes.com/personality-analysis/type/1,16,3775,0.42,39.3
https://9takes.com/personality-analysis/type/8,16,1490,1.07,15.7
https://9takes.com/enneagram-corner/enneagram-types-being-ghosted,15,836,1.79,8.2
https://9takes.com/personality-analysis/clavicular,15,2342,0.64,12.8
https://9takes.com/enneagram-corner/enneagram-type-7,14,775,1.81,14.3
https://9takes.com/enneagram-corner/enneagram-type-8,14,1899,0.74,12.3
https://9takes.com/personality-analysis/ariana-grande,14,2280,0.61,10.4
https://9takes.com/personality-analysis/emma-watson,14,3893,0.36,9.8
https://9takes.com/personality-analysis/hasan-piker,14,3521,0.40,9.7
https://9takes.com/personality-analysis/type/6,14,2898,0.48,52.7
https://9takes.com/enneagram-corner/enneagram-type-9,13,2761,0.47,35.3
https://9takes.com/enneagram-corner/enneagram-types-in-stress,13,2643,0.49,13.3
https://9takes.com/personality-analysis/brad-pitt,13,1897,0.69,9.0
https://9takes.com/personality-analysis/gracie-abrams,13,1724,0.75,7.7
https://9takes.com/personality-analysis/sabrina-carpenter,13,7449,0.17,6.6
https://9takes.com/personality-analysis/john-coogan,12,1507,0.80,7.8
https://9takes.com/personality-analysis/robert-pattinson,12,1684,0.71,9.4
https://9takes.com/personality-analysis/prince-harry,11,640,1.72,8.9
https://9takes.com/personality-analysis/sam-altman,11,2436,0.45,9.2
https://9takes.com/personality-analysis/timothee-chalamet,11,3362,0.33,8.5
https://9takes.com/personality-analysis/alex-karp,10,1453,0.69,10.8
https://9takes.com/personality-analysis/ashby,10,1597,0.63,9.2
https://9takes.com/personality-analysis/cillian-murphy,10,2115,0.47,11.9
https://9takes.com/personality-analysis/david-friedberg,10,1401,0.71,13.2
https://9takes.com/personality-analysis/lex-fridman,10,1698,0.59,11.3
https://9takes.com/enneagram-corner/enneagram-and-religion,9,1762,0.51,27.2
https://9takes.com/enneagram-corner/enneagram-types-in-relationships,9,5910,0.15,33.5
https://9takes.com/enneagram-corner/mental-health/enneagram-medication-mental-health,9,495,1.82,10.1
https://9takes.com/personality-analysis/dua-lipa,9,2524,0.36,8.5
https://9takes.com/personality-analysis/john-f-kennedy,9,966,0.93,15.3
https://9takes.com/personality-analysis/lana-del-rey,9,1565,0.58,11.6
https://9takes.com/personality-analysis/selena-gomez,9,1937,0.46,8.7
https://9takes.com/personality-analysis/type/5,9,4002,0.22,43.7
https://9takes.com/enneagram-corner,8,1763,0.45,27.0
https://9takes.com/enneagram-corner/enneagram-childhood-stereotypes,8,467,1.71,19.2
https://9takes.com/enneagram-corner/enneagram-type-4,8,1927,0.42,33.7
https://9takes.com/enneagram-corner/enneagram-types-on-a-first-date,8,673,1.19,10.4
https://9takes.com/enneagram-corner/how-each-enneagram-type-self-sabotages-success,8,867,0.92,8.0
https://9takes.com/enneagram-corner/mental-health/enneagram-science-mental-health,8,7562,0.11,10.3
https://9takes.com/personality-analysis/druski,8,1362,0.59,8.9
https://9takes.com/personality-analysis/jackie-kennedy,8,844,0.95,9.8
https://9takes.com/personality-analysis/jon-stewart,8,383,2.09,7.6
https://9takes.com/personality-analysis/leila-hormozi,8,644,1.24,10.1
https://9takes.com/personality-analysis/neil-strauss,8,652,1.23,8.2
https://9takes.com/personality-analysis/sergey-brin,8,602,1.33,17.5
https://9takes.com/personality-analysis/tom-holland,8,1536,0.52,9.4
https://9takes.com/personality-analysis/zayn-malik,8,1320,0.61,6.9
https://9takes.com/enneagram-corner/enneagram-parenting-styles,7,850,0.82,30.6
https://9takes.com/enneagram-corner/enneagram-type-1,7,525,1.33,16.8
https://9takes.com/enneagram-corner/first-impression-cheat-sheet,7,312,2.24,8.4
https://9takes.com/enneagram-corner/love-languages-and-enneagram-types,7,1976,0.35,10.9
https://9takes.com/how-to-guides/dating-dynamics-by-enneagram-type,7,1000,0.70,27.7
https://9takes.com/personality-analysis/alex-hormozi,7,1420,0.49,12.0
https://9takes.com/personality-analysis/aubrey-plaza,7,1638,0.43,9.0
https://9takes.com/personality-analysis/charli-xcx,7,701,1.00,10.1
https://9takes.com/personality-analysis/madison-beer,7,2223,0.31,9.1
https://9takes.com/personality-analysis/margot-robbie,7,1326,0.53,8.1
https://9takes.com/personality-analysis/ronald-reagan,7,635,1.10,15.2
https://9takes.com/personality-analysis/type/7,7,1459,0.48,13.2
https://9takes.com/enneagram-corner/enneagram-test-comparison-2026,6,497,1.21,9.2
https://9takes.com/enneagram-corner/enneagram-type-3,6,3844,0.16,26.5
https://9takes.com/enneagram-corner/enneagram-type-6,6,1360,0.44,32.5
https://9takes.com/enneagram-corner/enneagram-types-at-party,6,383,1.57,9.2
https://9takes.com/enneagram-corner/enneagram-types-working-in-teams,6,1671,0.36,52.7
https://9takes.com/enneagram-corner/mental-health/enneagram-anxiety-complete-guide,6,1509,0.40,12.1
https://9takes.com/enneagram-corner/mental-health/enneagram-crisis-management-guide,6,729,0.82,9.3
https://9takes.com/enneagram-corner/why-dating-apps-are-harder-for-certain-personality-types,6,792,0.76,13.9
https://9takes.com/enneagram-corner/why-you-cant-stop-overthinking-enneagram,6,680,0.88,10.6
https://9takes.com/personality-analysis/asmongold,6,1615,0.37,8.9
https://9takes.com/personality-analysis/bill-gates,6,792,0.76,13.7
https://9takes.com/personality-analysis/callum-turner,6,418,1.44,7.8
https://9takes.com/personality-analysis/ella-langley,6,672,0.89,8.1
https://9takes.com/personality-analysis/emma-chamberlain,6,929,0.65,18.5
https://9takes.com/personality-analysis/george-h-w-bush,6,356,1.69,15.7
https://9takes.com/personality-analysis/hailey-bieber,6,1379,0.44,10.5
https://9takes.com/personality-analysis/kylie-jenner,6,825,0.73,10.6
https://9takes.com/personality-analysis/meryl-streep,6,337,1.78,9.3
https://9takes.com/personality-analysis/tom-cruise,6,1279,0.47,11.0
https://9takes.com/pop-culture,6,485,1.24,13.5
https://9takes.com/pop-culture/epstein-psychology-part-1,6,1134,0.53,11.8
https://9takes.com/pop-culture/tech-titans-ai-wars,6,2287,0.26,10.0
https://9takes.com/enneagram-corner/enneagram-communication-styles,5,518,0.97,14.1
https://9takes.com/enneagram-corner/enneagram-communication-tips,5,396,1.26,13.7
https://9takes.com/enneagram-corner/enneagram-crisis-management-guide,5,198,2.53,9.9
https://9takes.com/enneagram-corner/how-each-enneagram-flexes,5,264,1.89,11.0
https://9takes.com/personality-analysis/anna-kendrick,5,254,1.97,8.5
https://9takes.com/personality-analysis/bernard-arnault,5,628,0.80,9.1
https://9takes.com/personality-analysis/casey-neistat,5,1349,0.37,11.4
https://9takes.com/personality-analysis/emma-myers,5,293,1.71,5.9
https://9takes.com/personality-analysis/friedrich-nietzsche,5,1302,0.38,9.1
https://9takes.com/personality-analysis/halsey,5,378,1.32,9.7
https://9takes.com/personality-analysis/hilary-duff,5,424,1.18,8.7
https://9takes.com/personality-analysis/jack-dorsey,5,765,0.65,11.8
https://9takes.com/personality-analysis/kai-cenat,5,3352,0.15,8.5
https://9takes.com/personality-analysis/kourtney-kardashian,5,1035,0.48,7.5
https://9takes.com/personality-analysis/mark-zuckerberg,5,871,0.57,11.8
https://9takes.com/personality-analysis/michael-seibel,5,723,0.69,7.4
https://9takes.com/personality-analysis/natalie-portman,5,968,0.52,10.4
https://9takes.com/personality-analysis/oliver-tree,5,607,0.82,6.6
https://9takes.com/personality-analysis/peter-thiel,5,1103,0.45,10.1
https://9takes.com/personality-analysis/rooney-mara,5,284,1.76,8.0
https://9takes.com/personality-analysis/sam-parr,5,191,2.62,11.1
https://9takes.com/personality-analysis/steve-carell,5,1050,0.48,9.1
https://9takes.com/personality-analysis/sydney-sweeney,5,3573,0.14,7.8
https://9takes.com/personality-analysis/tom-hiddleston,5,816,0.61,9.8
https://9takes.com/personality-analysis/trevor-noah,5,650,0.77,10.3
https://9takes.com/enneagram-corner/enneagram-addiction-recovery-guide,4,143,2.80,7.8
https://9takes.com/enneagram-corner/enneagram-dating-guide-for-men,4,441,0.91,11.5
https://9takes.com/enneagram-corner/enneagram-party-planner,4,65,6.15,19.0
https://9takes.com/enneagram-corner/enneagram-tldr,4,1692,0.24,41.3
https://9takes.com/enneagram-corner/enneagram-type-2,4,732,0.55,30.6
https://9takes.com/enneagram-corner/mental-health/enneagram-workplace-mental-health,4,150,2.67,10.4
https://9takes.com/enneagram-corner/neurodiversity-vs-personality,4,182,2.20,11.1
https://9takes.com/personality-analysis/amber-heard,4,448,0.89,12.4
https://9takes.com/personality-analysis/ben-horowitz,4,521,0.77,9.4
https://9takes.com/personality-analysis/billie-eilish,4,1488,0.27,9.8
https://9takes.com/personality-analysis/henry-cavill,4,1159,0.35,11.0
https://9takes.com/personality-analysis/jennifer-garner,4,542,0.74,6.9
https://9takes.com/personality-analysis/jennifer-lawrence,4,642,0.62,11.1
https://9takes.com/personality-analysis/jimmy-fallon,4,752,0.53,6.9
https://9takes.com/personality-analysis/justin-bieber,4,936,0.43,11.3
https://9takes.com/personality-analysis/robert-greene,4,2355,0.17,9.0
https://9takes.com/personality-analysis/sean-evans,4,514,0.78,7.8
https://9takes.com/enneagram-corner/mental-health/enneagram-therapy-guide,3,447,0.67,24.2
https://9takes.com/enneagram-corner/mental-health/enneagram-therapy-resistance-guide,3,231,1.30,20.6
https://9takes.com/enneagram-corner/relationship-communication-guide,3,2160,0.14,35.1
https://9takes.com/enneagram-corner/why-the-next-thing-wont-fix-it-type-7,3,139,2.16,9.1
https://9takes.com/personality-analysis/agatha-christie,3,946,0.32,10.9
https://9takes.com/personality-analysis/arnold-schwarzenegger,3,542,0.55,10.0
https://9takes.com/personality-analysis/barack-obama,3,338,0.89,10.6
https://9takes.com/personality-analysis/beyonce-knowles,3,1190,0.25,9.9
https://9takes.com/personality-analysis/chappell-roan,3,1123,0.27,9.3
https://9takes.com/personality-analysis/charli-damelio,3,172,1.74,8.7
https://9takes.com/personality-analysis/conan-obrien,3,285,1.05,9.2
https://9takes.com/personality-analysis/dave-portnoy,3,262,1.15,11.4
https://9takes.com/personality-analysis/david-goggins,3,855,0.35,10.4
https://9takes.com/personality-analysis/elon-musk,3,2874,0.10,13.9
https://9takes.com/personality-analysis/gordon-ramsay,3,59,5.08,9.0
https://9takes.com/personality-analysis/grimes,3,1202,0.25,13.0
https://9takes.com/personality-analysis/jake-gyllenhaal,3,290,1.03,9.4
https://9takes.com/personality-analysis/john-travolta,3,453,0.66,8.4
https://9takes.com/personality-analysis/johnny-depp,3,1165,0.26,10.5
https://9takes.com/personality-analysis/keke-palmer,3,383,0.78,7.9
https://9takes.com/personality-analysis/kim-kardashian,3,557,0.54,11.1
https://9takes.com/personality-analysis/larry-page,3,265,1.13,13.4
https://9takes.com/personality-analysis/michael-b-jordan,3,519,0.58,11.3
https://9takes.com/personality-analysis/mike-majlak,3,436,0.69,8.7
https://9takes.com/personality-analysis/nikola-tesla,3,1062,0.28,10.5
https://9takes.com/personality-analysis/ray-dalio,3,461,0.65,12.1
https://9takes.com/personality-analysis/ryan-grim,3,317,0.95,9.6
https://9takes.com/personality-analysis/sam-bankman-fried,3,434,0.69,10.4
https://9takes.com/personality-analysis/saoirse-ronan,3,259,1.16,10.5
https://9takes.com/personality-analysis/shia-labeouf,3,583,0.51,8.7
https://9takes.com/personality-analysis/tom-hardy,3,1114,0.27,9.8
https://9takes.com/personality-analysis/winston-churchill,3,680,0.44,14.2
https://9takes.com/personality-analysis/zoe-kravitz,3,375,0.80,10.6
https://9takes.com/pop-culture/tech-titans-enneagram-analysis,3,533,0.56,8.6
https://9takes.com/enneagram-corner/beginners-guide-to-determining-your-enneagram-type,2,381,0.52,30.4
https://9takes.com/enneagram-corner/enneagram-leadership,2,579,0.35,40.6
https://9takes.com/enneagram-corner/enneagram-therapy-resistance-guide,2,66,3.03,11.5
https://9takes.com/enneagram-corner/enneagram-vs-personality-frameworks-comparison,2,4821,0.04,9.0
https://9takes.com/enneagram-corner/how-to-navigate-early-relationship-stages,2,195,1.03,13.6
https://9takes.com/enneagram-corner/philosophy-psychology-and-the-enneagram,2,116,1.72,9.5
https://9takes.com/personality-analysis/adam-sandler,2,158,1.27,10.8
https://9takes.com/personality-analysis/alexandria-ocasio-cortez,2,283,0.71,9.7
https://9takes.com/personality-analysis/anna-wintour,2,429,0.47,10.3
https://9takes.com/personality-analysis/caleb-hearon,2,559,0.36,9.3
https://9takes.com/personality-analysis/dalton-caldwell,2,378,0.53,8.6
https://9takes.com/personality-analysis/doechii,2,159,1.26,9.6
https://9takes.com/personality-analysis/dr-phil,2,155,1.29,10.5
https://9takes.com/personality-analysis/dwayne-johnson,2,700,0.29,9.9
https://9takes.com/personality-analysis/garry-tan,2,414,0.48,9.7
https://9takes.com/personality-analysis/gigi-hadid,2,75,2.67,8.5
https://9takes.com/personality-analysis/jason-calacanis,2,324,0.62,9.5
https://9takes.com/personality-analysis/joaquin-phoenix,2,903,0.22,11.0
https://9takes.com/personality-analysis/joe-rogan,2,947,0.21,9.9
https://9takes.com/personality-analysis/john-d-rockefeller,2,128,1.56,8.8
https://9takes.com/personality-analysis/john-mcafee,2,175,1.14,10.0
https://9takes.com/personality-analysis/joseph-stalin,2,702,0.28,10.3
https://9takes.com/personality-analysis/keanu-reeves,2,1164,0.17,10.9
https://9takes.com/personality-analysis/lili-reinhart,2,189,1.06,11.4
https://9takes.com/personality-analysis/marc-andreessen,2,253,0.79,9.4
https://9takes.com/personality-analysis/matt-damon,2,215,0.93,7.7
https://9takes.com/personality-analysis/miles-teller,2,469,0.43,13.1
https://9takes.com/personality-analysis/millie-bobby-brown,2,1085,0.18,10.0
https://9takes.com/personality-analysis/mindy-kaling,2,130,1.54,8.7
https://9takes.com/personality-analysis/morgan-wallen,2,169,1.18,8.9
https://9takes.com/personality-analysis/mr-beast,2,1545,0.13,10.0
https://9takes.com/personality-analysis/naomi-osaka,2,130,1.54,11.2
https://9takes.com/personality-analysis/nicole-kidman,2,623,0.32,9.5
https://9takes.com/personality-analysis/oprah-winfrey,2,508,0.39,17.3
https://9takes.com/personality-analysis/reed-hastings,2,112,1.79,8.2
https://9takes.com/personality-analysis/rihanna,2,657,0.30,11.7
https://9takes.com/personality-analysis/sara-saffari,2,85,2.35,7.2
https://9takes.com/personality-analysis/tara-yummy,2,242,0.83,8.1
https://9takes.com/personality-analysis/tom-hanks,2,880,0.23,9.5
https://9takes.com/personality-analysis/tyler-cowen,2,213,0.94,7.1
https://9takes.com/pop-culture/google-leadership-evolution,2,855,0.23,9.7
https://9takes.com/pop-culture/incel-blackpill-radicalization-enneagram,2,749,0.27,13.4
https://9takes.com/pop-culture/what-enneagram-type-are-most-musicians,2,187,1.07,7.6
https://9takes.com/about,1,229,0.44,3.3
https://9takes.com/blog,1,181,0.55,3.5
https://9takes.com/community/why-im-selective-sharing-enneagram,1,69,1.45,6.8
https://9takes.com/corpus-stats,1,1628,0.06,8.6
https://9takes.com/enneagram-corner/astrology-and-the-enneagram#enneagram-types-and-zodiac-signs-the-complete-correlation-chart,1,1119,0.09,7.0
https://9takes.com/enneagram-corner/enneagram-and-adhd-which-types-struggle-most#why-your-enneagram-type-affects-how-adhd-shows-up,1,2321,0.04,4.4
https://9takes.com/enneagram-corner/enneagram-and-mental-illness#type-5-social-isolation-and-schizoid-tendencies,1,1662,0.06,7.1
https://9takes.com/enneagram-corner/enneagram-and-mental-illness#type-6-anxiety-disorders-and-paranoid-thinking,1,2643,0.04,7.2
https://9takes.com/enneagram-corner/enneagram-books-websites-podcasts,1,166,0.60,49.7
https://9takes.com/enneagram-corner/enneagram-connecting-lines,1,495,0.20,16.4
https://9takes.com/enneagram-corner/enneagram-influences,1,437,0.23,47.2
https://9takes.com/enneagram-corner/enneagram-object-relations,1,289,0.35,10.3
https://9takes.com/enneagram-corner/enneagram-personal-growth,1,1144,0.09,24.1
https://9takes.com/enneagram-corner/enneagram-stress-number,1,487,0.21,30.6
https://9takes.com/enneagram-corner/enneagram-team-dynamics,1,974,0.10,27.3
https://9takes.com/enneagram-corner/enneagram-vs-meyers-briggs,1,688,0.15,28.3
https://9takes.com/enneagram-corner/how-each-enneagram-type-unwinds,1,199,0.50,13.3
https://9takes.com/enneagram-corner/toxic-traits-relationships-warning-signs#when-survival-strategies-become-toxic-patterns,1,363,0.28,8.3
https://9takes.com/how-to-guides/5-tough-conversations-you-need-to-have-with-your-partner,1,173,0.58,32.6
https://9takes.com/how-to-guides/definitive-guide-to-self-efficacy,1,49,2.04,22.7
https://9takes.com/personality-analysis/Charli-xcx,1,399,0.25,9.0
https://9takes.com/personality-analysis/David-Friedberg,1,152,0.66,6.2
https://9takes.com/personality-analysis/Howard-Stern,1,35,2.86,9.9
https://9takes.com/personality-analysis/Taylor-Lorenz,1,19,5.26,8.6
https://9takes.com/personality-analysis/adam-neumann,1,182,0.55,12.1
https://9takes.com/personality-analysis/adin-ross,1,814,0.12,12.6
https://9takes.com/personality-analysis/alex-cooper,1,462,0.22,12.4
https://9takes.com/personality-analysis/alex-lieberman,1,24,4.17,9.5
https://9takes.com/personality-analysis/andrew-callaghan,1,228,0.44,8.8
https://9takes.com/personality-analysis/andrew-tate,1,362,0.28,10.0
https://9takes.com/personality-analysis/anya-taylor-joy,1,763,0.13,11.7
https://9takes.com/personality-analysis/austin-butler,1,82,1.22,9.9
https://9takes.com/personality-analysis/benny-blanco,1,58,1.72,8.7
https://9takes.com/personality-analysis/bob-dylan#decoding-dylan-the-man-beneath-the-myth,1,184,0.54,8.0
https://9takes.com/personality-analysis/brian-chesky,1,111,0.90,8.0
https://9takes.com/personality-analysis/brittany-broski,1,299,0.33,9.8
https://9takes.com/personality-analysis/cardi-b,1,345,0.29,10.5
https://9takes.com/personality-analysis/christian-bale,1,179,0.56,9.7
https://9takes.com/personality-analysis/david-dobrik,1,64,1.56,13.1
https://9takes.com/personality-analysis/david-sacks,1,485,0.21,10.3
https://9takes.com/personality-analysis/denzel-washington,1,490,0.20,8.9
https://9takes.com/personality-analysis/donald-trump,1,253,0.40,15.5
https://9takes.com/personality-analysis/drake,1,488,0.20,8.5
https://9takes.com/personality-analysis/eminem,1,831,0.12,12.0
https://9takes.com/personality-analysis/gavin-newsom,1,333,0.30,10.8
https://9takes.com/personality-analysis/george-rr-martin,1,299,0.33,10.9
https://9takes.com/personality-analysis/george-w-bush,1,239,0.42,10.4
https://9takes.com/personality-analysis/harrison-ford,1,277,0.36,10.6
https://9takes.com/personality-analysis/hayao-miyazaki,1,369,0.27,9.9
https://9takes.com/personality-analysis/howard-stern,1,238,0.42,10.3
https://9takes.com/personality-analysis/hugh-jackman,1,345,0.29,10.0
https://9takes.com/personality-analysis/ilona-maher,1,719,0.14,10.1
https://9takes.com/personality-analysis/jennifer-lopez,1,1217,0.08,9.6
https://9takes.com/personality-analysis/joe-biden,1,106,0.94,13.7
https://9takes.com/personality-analysis/joe-lonsdale,1,131,0.76,10.8
https://9takes.com/personality-analysis/john-ternus,1,159,0.63,9.7
https://9takes.com/personality-analysis/jon-bernthal,1,96,1.04,6.8
https://9takes.com/personality-analysis/kacey-musgraves,1,39,2.56,8.9
https://9takes.com/personality-analysis/kate-hudson,1,84,1.19,7.8
https://9takes.com/personality-analysis/kendrick-lamar,1,343,0.29,10.5
https://9takes.com/personality-analysis/khloe-kardashian,1,556,0.18,8.9
https://9takes.com/personality-analysis/kyle-forgeard,1,252,0.40,7.3
https://9takes.com/personality-analysis/lady-gaga,1,203,0.49,9.9
https://9takes.com/personality-analysis/leonardo-da-vinci,1,161,0.62,9.3
https://9takes.com/personality-analysis/leonardo-dicaprio,1,565,0.18,13.2
https://9takes.com/personality-analysis/marcello-hernandez,1,64,1.56,10.5
https://9takes.com/personality-analysis/matt-smith,1,69,1.45,7.3
https://9takes.com/personality-analysis/michelle-obama,1,267,0.37,13.9
https://9takes.com/personality-analysis/olivia-munn,1,206,0.49,9.0
https://9takes.com/personality-analysis/paul-mescal,1,149,0.67,8.7
https://9takes.com/personality-analysis/robert-de-niro,1,128,0.78,8.5
https://9takes.com/personality-analysis/robert-oppenheimer,1,444,0.23,11.2
https://9takes.com/personality-analysis/ruth-bader-ginsburg,1,161,0.62,14.3
https://9takes.com/personality-analysis/saagar-enjeti,1,19,5.26,12.9
https://9takes.com/personality-analysis/scarlett-johansson,1,625,0.16,9.3
https://9takes.com/personality-analysis/shaan-puri,1,173,0.58,8.0
https://9takes.com/personality-analysis/stephen-colbert,1,59,1.69,8.2
https://9takes.com/personality-analysis/steve-jobs,1,588,0.17,17.2
https://9takes.com/personality-analysis/sundar-pichai,1,421,0.24,11.0
https://9takes.com/personality-analysis/taylor-frankie-paul,1,28,3.57,9.6
https://9takes.com/personality-analysis/taylor-swift,1,319,0.31,13.5
https://9takes.com/personality-analysis/trisha-paytas,1,100,1.00,8.4
https://9takes.com/personality-analysis/will-smith,1,44,2.27,7.9
https://9takes.com/personality-analysis/xqc,1,347,0.29,7.5
https://9takes.com/personality-analysis/zara-larsson,1,421,0.24,8.4
https://9takes.com/personality-analysis/zohran-mamdani,1,168,0.60,7.0
https://9takes.com/pop-culture/cancel-culture-enneagram-type,1,165,0.61,9.5
https://9takes.com/pop-culture/hollywood-heartthrobs-enneagram-analysis,1,255,0.39,9.1
https://9takes.com/pop-culture/tbpn-john-coogan-jordi-hays-enneagram-dynamic,1,105,0.95,9.5
https://9takes.com/pop-culture/tech-titans-leadership-styles,1,373,0.27,8.3
https://9takes.com/pop-culture/twitter-x-personality-types-toxic,1,551,0.18,8.0
https://9takes.com/blogs/greek_statues_in_a_circle_holding_hands.webp,0,1,0.00,5.0
https://9takes.com/community,0,143,0.00,8.5
https://9takes.com/community/consensus-on-human-nature,0,29,0.00,7.1
https://9takes.com/community/how-minds-change-on-9takes,0,4,0.00,13.8
https://9takes.com/community/introducing-9takes,0,1,0.00,6.0
https://9takes.com/community/kantian-filters-and-nine-perspectives,0,70,0.00,22.1
https://9takes.com/community/personality-frameworks-map-not-territory,0,17,0.00,7.6
https://9takes.com/community/societal-ticking-time-bombs,0,51,0.00,10.4
https://9takes.com/community/software-and-hardware-of-the-mind,0,19,0.00,13.9
https://9takes.com/enneagram-corner/anxiety-and-enneagram-types-guide,0,40,0.00,25.9
https://9takes.com/enneagram-corner/astrology-and-the-enneagram#enneagram-subtypes-and-astrological-elements,0,639,0.00,7.7
https://9takes.com/enneagram-corner/astrology-and-the-enneagram#enneagram-types-and-astrological-houses,0,673,0.00,7.5
https://9takes.com/enneagram-corner/astrology-and-the-enneagram#enneagram-vs-astrology-whats-the-difference,0,665,0.00,6.3
https://9takes.com/enneagram-corner/astrology-and-the-enneagram#enneagram-wings-and-planetary-aspects,0,1059,0.00,7.2
https://9takes.com/enneagram-corner/astrology-and-the-enneagram#how-to-read-your-birth-chart-and-enneagram-type-together,0,872,0.00,7.4
https://9takes.com/enneagram-corner/astrology-and-the-enneagram#what-enneagram-type-is-your-zodiac-sign,0,1479,0.00,6.9
https://9takes.com/enneagram-corner/astrology-and-the-enneagram#when-your-type-and-sign-seem-to-contradict,0,298,0.00,7.5
https://9takes.com/enneagram-corner/astrology-and-the-enneagram#why-each-enneagram-type-matches-its-zodiac-sign,0,1417,0.00,6.9
https://9takes.com/enneagram-corner/attachment-styles-and-enneagram-types#the-enneagram-attachment-healing-matrix,0,404,0.00,8.2
https://9takes.com/enneagram-corner/attachment-styles-and-enneagram-types#the-missing-piece-what-is-the-enneagram,0,394,0.00,7.9
https://9takes.com/enneagram-corner/attachment-styles-and-enneagram-types#the-three-centers-a-quick-lens-before-we-dive-in,0,56,0.00,8.1
https://9takes.com/enneagram-corner/attachment-styles-and-enneagram-types#two-kinds-of-avoidant-the-distinction-most-articles-skip,0,308,0.00,7.3
https://9takes.com/enneagram-corner/attachment-styles-and-enneagram-types#type-1-the-perfectionists-attachment-dilemma,0,289,0.00,8.1
https://9takes.com/enneagram-corner/attachment-styles-and-enneagram-types#type-2-the-helpers-anxious-attachment-trap,0,634,0.00,7.6
https://9takes.com/enneagram-corner/attachment-styles-and-enneagram-types#type-3-the-achievers-performance-based-attachment,0,365,0.00,7.8
https://9takes.com/enneagram-corner/attachment-styles-and-enneagram-types#type-4-the-individualists-push-pull-attachment,0,611,0.00,7.4
https://9takes.com/enneagram-corner/attachment-styles-and-enneagram-types#type-5-the-investigators-dismissive-fortress,0,164,0.00,6.6
https://9takes.com/enneagram-corner/attachment-styles-and-enneagram-types#type-6-the-loyalists-anxiety-spiral,0,119,0.00,7.3
https://9takes.com/enneagram-corner/attachment-styles-and-enneagram-types#type-7-the-enthusiasts-avoidance-through-adventure,0,81,0.00,7.5
https://9takes.com/enneagram-corner/attachment-styles-and-enneagram-types#type-8-the-challengers-armored-heart,0,114,0.00,6.7
https://9takes.com/enneagram-corner/attachment-styles-and-enneagram-types#type-9-the-peacemakers-invisible-attachment,0,145,0.00,8.4
https://9takes.com/enneagram-corner/attachment-styles-and-enneagram-types#what-are-attachment-styles-really,0,562,0.00,7.7
https://9takes.com/enneagram-corner/beginners-guide-to-determining-your-enneagram-type#step-1-forget-everything-you-know-about-personality-tests,0,2,0.00,10.5
https://9takes.com/enneagram-corner/beginners-guide-to-determining-your-enneagram-type#step-2-find-your-emotional-home-base,0,2,0.00,10.5
https://9takes.com/enneagram-corner/beginners-guide-to-determining-your-enneagram-type#step-3-connect-the-dots-to-your-childhood,0,2,0.00,10.5
https://9takes.com/enneagram-corner/beginners-guide-to-determining-your-enneagram-type#step-4-meet-your-type-the-thats-me-moment,0,2,0.00,10.5
https://9takes.com/enneagram-corner/beginners-guide-to-determining-your-enneagram-type#the-secret-sauce-how-stress-and-growth-confirm-your-type,0,2,0.00,10.5
https://9takes.com/enneagram-corner/biggest-compliments-to-give-each-enneagram-type#before-you-use-the-script-get-the-evidence,0,23,0.00,5.2
https://9takes.com/enneagram-corner/biggest-compliments-to-give-each-enneagram-type#body-types-recognize-how-they-use-their-presence,0,24,0.00,5.2
https://9takes.com/enneagram-corner/biggest-compliments-to-give-each-enneagram-type#compliment-cheat-sheet,0,184,0.00,5.0
https://9takes.com/enneagram-corner/biggest-compliments-to-give-each-enneagram-type#heart-types-separate-worth-from-performance,0,23,0.00,5.2
https://9takes.com/enneagram-corner/biggest-compliments-to-give-each-enneagram-type#type-1-the-perfectionist,0,106,0.00,5.1
https://9takes.com/enneagram-corner/biggest-compliments-to-give-each-enneagram-type#type-2-the-helper,0,115,0.00,5.2
https://9takes.com/enneagram-corner/biggest-compliments-to-give-each-enneagram-type#type-3-the-achiever,0,141,0.00,4.8
https://9takes.com/enneagram-corner/biggest-compliments-to-give-each-enneagram-type#type-4-the-individualist,0,106,0.00,5.1
https://9takes.com/enneagram-corner/biggest-compliments-to-give-each-enneagram-type#type-5-the-investigator,0,156,0.00,5.0
https://9takes.com/enneagram-corner/biggest-compliments-to-give-each-enneagram-type#type-6-the-loyalist,0,104,0.00,5.1
https://9takes.com/enneagram-corner/depression-patterns-by-enneagram-type#depression-patterns-comparison-table,0,804,0.00,6.3
https://9takes.com/enneagram-corner/depression-patterns-by-enneagram-type#how-your-type-relates-to-medication,0,127,0.00,6.3
https://9takes.com/enneagram-corner/depression-patterns-by-enneagram-type#type-1-the-perfectionists-depression,0,265,0.00,6.4
https://9takes.com/enneagram-corner/depression-patterns-by-enneagram-type#type-2-the-helpers-depression,0,369,0.00,6.7
https://9takes.com/enneagram-corner/depression-patterns-by-enneagram-type#type-3-the-achievers-invisible-depression,0,540,0.00,6.1
https://9takes.com/enneagram-corner/depression-patterns-by-enneagram-type#type-4-the-individualists-depression,0,458,0.00,6.3
https://9takes.com/enneagram-corner/depression-patterns-by-enneagram-type#type-5-the-investigators-depression,0,190,0.00,7.1
https://9takes.com/enneagram-corner/depression-patterns-by-enneagram-type#type-6-the-loyalists-depression,0,221,0.00,6.0
https://9takes.com/enneagram-corner/depression-patterns-by-enneagram-type#type-7-the-enthusiasts-hidden-depression,0,677,0.00,6.4
https://9takes.com/enneagram-corner/depression-patterns-by-enneagram-type#type-8-the-challengers-depression,0,184,0.00,6.7
https://9takes.com/enneagram-corner/depression-patterns-by-enneagram-type#type-9-the-peacemakers-depression,0,794,0.00,6.1
https://9takes.com/enneagram-corner/depression-patterns-by-enneagram-type#when-you-dont-recognize-your-own-depression,0,371,0.00,6.9
https://9takes.com/enneagram-corner/depression-patterns-by-enneagram-type#why-depression-varies-by-enneagram-type,0,873,0.00,6.3
https://9takes.com/enneagram-corner/enneagram-addiction-recovery-guide#addiction-isnt-random--its-personality-shaped,0,6,0.00,5.8
https://9takes.com/enneagram-corner/enneagram-addiction-recovery-guide#addiction-patterns-by-type-center,0,5,0.00,6.4
https://9takes.com/enneagram-corner/enneagram-addiction-recovery-guide#the-five-categories-of-addiction,0,4,0.00,7.5
https://9takes.com/enneagram-corner/enneagram-addiction-recovery-guide#type-1-recovery-swap-perfect-rules-for-flexible-ones,0,3,0.00,9.0
https://9takes.com/enneagram-corner/enneagram-addiction-recovery-guide#type-1-the-perfectionists-addictions,0,3,0.00,9.0
https://9takes.com/enneagram-corner/enneagram-addiction-recovery-guide#type-2-recovery-receiving-without-paying-it-back,0,3,0.00,9.0
https://9takes.com/enneagram-corner/enneagram-addiction-recovery-guide#type-2-the-helpers-addictions,0,3,0.00,9.0
https://9takes.com/enneagram-corner/enneagram-and-adhd-which-types-struggle-most#coping-strategies-that-actually-work-by-type,0,1528,0.00,4.5
https://9takes.com/enneagram-corner/enneagram-and-adhd-which-types-struggle-most#how-adhd-affects-each-enneagram-type-differently,0,2346,0.00,4.4
https://9takes.com/enneagram-corner/enneagram-and-adhd-which-types-struggle-most#when-to-seek-professional-help,0,1527,0.00,4.5
https://9takes.com/enneagram-corner/enneagram-and-adhd-which-types-struggle-most#which-enneagram-types-are-most-commonly-diagnosed-with-adhd,0,1551,0.00,4.5
https://9takes.com/enneagram-corner/enneagram-and-mental-illness#important-context-and-disclaimer,0,512,0.00,5.0
https://9takes.com/enneagram-corner/enneagram-and-mental-illness#mental-health-risk-overview-by-type,0,1828,0.00,5.8
https://9takes.com/enneagram-corner/enneagram-and-mental-illness#type-1-perfectionism-and-obsessive-compulsive-tendencies,0,2747,0.00,7.6
https://9takes.com/enneagram-corner/enneagram-and-mental-illness#type-2-codependency-and-emotional-manipulation,0,1977,0.00,8.2
https://9takes.com/enneagram-corner/enneagram-and-mental-illness#type-3-narcissistic-traits-and-imposter-syndrome,0,2164,0.00,7.7
https://9takes.com/enneagram-corner/enneagram-and-mental-illness#type-4-chronic-depression-and-identity-issues,0,2361,0.00,7.8
https://9takes.com/enneagram-corner/enneagram-and-mental-illness#type-7-manic-behavior-and-addiction-struggles,0,1613,0.00,8.8
https://9takes.com/enneagram-corner/enneagram-and-religion#christian-enneagram-resources,0,7,0.00,7.4
https://9takes.com/enneagram-corner/enneagram-and-religion#christianity-and-the-enneagram,0,51,0.00,6.3
https://9takes.com/enneagram-corner/enneagram-and-religion#enneagram-types-and-the-fruits-of-the-spirit,0,13,0.00,7.0
https://9takes.com/enneagram-corner/enneagram-and-religion#sufism-and-the-enneagrams-origins,0,21,0.00,7.7
https://9takes.com/enneagram-corner/enneagram-and-religion#the-enneagram-and-judaism,0,47,0.00,6.3
https://9takes.com/enneagram-corner/enneagram-anxiety-complete-guide,0,360,0.00,11.8
https://9takes.com/enneagram-corner/enneagram-childhood-stereotypes#type-4-the-tortured-artists,0,1,0.00,11.0
https://9takes.com/enneagram-corner/enneagram-childhood-stereotypes#type-6-the-loyal-protectors,0,1,0.00,11.0
https://9takes.com/enneagram-corner/enneagram-communication-guide,0,299,0.00,14.5
https://9takes.com/enneagram-corner/enneagram-communication-styles#type-1-the-perfectionists-dictionary,0,15,0.00,9.7
https://9takes.com/enneagram-corner/enneagram-communication-styles#type-2-the-helpers-emotional-radar,0,34,0.00,9.3
https://9takes.com/enneagram-corner/enneagram-communication-styles#type-3-the-achievers-efficiency-engine,0,36,0.00,9.1
https://9takes.com/enneagram-corner/enneagram-communication-styles#type-4-the-individualists-emotional-symphony,0,15,0.00,10.0
https://9takes.com/enneagram-corner/enneagram-communication-styles#type-5-the-investigators-data-stream,0,17,0.00,9.7
https://9takes.com/enneagram-corner/enneagram-communication-styles#type-6-the-loyalists-radar-system,0,15,0.00,10.1
https://9takes.com/enneagram-corner/enneagram-communication-styles#type-7-the-enthusiasts-possibility-engine,0,31,0.00,9.4
https://9takes.com/enneagram-corner/enneagram-compatibility-guide,0,218,0.00,10.4
https://9takes.com/enneagram-corner/enneagram-compatibility-matrix#1--1-the-perfectionist-mirror,0,9,0.00,9.1
https://9takes.com/enneagram-corner/enneagram-compatibility-matrix#1--7-the-paradox-pairing,0,7,0.00,10.4
https://9takes.com/enneagram-corner/enneagram-compatibility-matrix#how-compatibility-actually-works,0,304,0.00,7.7
https://9takes.com/enneagram-corner/enneagram-compatibility-matrix#how-to-navigate-challenging-enneagram-pairings,0,250,0.00,8.2
https://9takes.com/enneagram-corner/enneagram-compatibility-matrix#quick-reference-compatibility-table,0,31,0.00,8.8
https://9takes.com/enneagram-corner/enneagram-compatibility-matrix#red-flags-vs-growth-edges-in-enneagram-relationships,0,222,0.00,8.4
https://9takes.com/enneagram-corner/enneagram-compatibility-matrix#the-complete-compatibility-matrix-all-81-combinations,0,456,0.00,7.4
https://9takes.com/enneagram-corner/enneagram-compatibility-matrix#the-opposite-attraction,0,16,0.00,8.5
https://9takes.com/enneagram-corner/enneagram-compatibility-matrix#the-same-type-problem,0,4,0.00,6.3
https://9takes.com/enneagram-corner/enneagram-compatibility-matrix#what-makes-any-enneagram-pairing-work,0,271,0.00,8.3
https://9takes.com/enneagram-corner/enneagram-compatibility-matrix#which-enneagram-types-are-most-compatible,0,335,0.00,7.9
https://9takes.com/enneagram-corner/enneagram-compatibility-matrix#why-opposites-attract-and-same-types-clash,0,214,0.00,8.4
https://9takes.com/enneagram-corner/enneagram-compatibility-matrix#why-youre-attracted-to-who-youre-attracted-to,0,14,0.00,8.6
https://9takes.com/enneagram-corner/enneagram-concepts,0,290,0.00,26.2
https://9takes.com/enneagram-corner/enneagram-criticisms,0,1,0.00,34.0
https://9takes.com/enneagram-corner/enneagram-dating-guide-for-men#how-to-read-her-type-in-the-first-three-dates,0,7,0.00,7.6
https://9takes.com/enneagram-corner/enneagram-dating-guide-for-men#how-your-enneagram-type-shapes-your-dating-life,0,1,0.00,5.0
https://9takes.com/enneagram-corner/enneagram-dating-guide-for-men#type-1---the-perfectionist,0,5,0.00,7.2
https://9takes.com/enneagram-corner/enneagram-dating-guide-for-men#type-2---the-helper,0,9,0.00,7.7
https://9takes.com/enneagram-corner/enneagram-dating-guide-for-men#type-3---the-achiever,0,9,0.00,8.4
https://9takes.com/enneagram-corner/enneagram-dating-guide-for-men#type-5---the-investigator,0,3,0.00,7.0
https://9takes.com/enneagram-corner/enneagram-dating-guide-for-men#type-6---the-loyalist,0,3,0.00,8.0
https://9takes.com/enneagram-corner/enneagram-dating-guide-for-men#type-7---the-enthusiast,0,1,0.00,7.0
https://9takes.com/enneagram-corner/enneagram-dating-guide-for-men#type-8---the-challenger,0,4,0.00,7.8
https://9takes.com/enneagram-corner/enneagram-dating-guide-for-men#type-9---the-peacemaker,0,7,0.00,9.6
https://9takes.com/enneagram-corner/enneagram-dating-guide-for-men#why-your-enneagram-type-determines-your-dating-success,0,13,0.00,8.8
https://9takes.com/enneagram-corner/enneagram-instinctual-subtypes#detailed-breakdown-each-enneagram-type-and-its-subtypes,0,366,0.00,9.6
https://9takes.com/enneagram-corner/enneagram-instinctual-subtypes#the-achiever-type-3,0,167,0.00,10.1
https://9takes.com/enneagram-corner/enneagram-instinctual-subtypes#the-enthusiast-type-7,0,137,0.00,10.3
https://9takes.com/enneagram-corner/enneagram-instinctual-subtypes#the-helper-type-2,0,345,0.00,9.6
https://9takes.com/enneagram-corner/enneagram-instinctual-subtypes#the-individualist-type-4,0,13,0.00,9.1
https://9takes.com/enneagram-corner/enneagram-instinctual-subtypes#the-investigator-type-5,0,139,0.00,10.3
https://9takes.com/enneagram-corner/enneagram-instinctual-subtypes#the-loyalist-type-6,0,8,0.00,10.5
https://9takes.com/enneagram-corner/enneagram-instinctual-subtypes#the-perfectionist-type-1,0,139,0.00,10.3
https://9takes.com/enneagram-corner/enneagram-instinctual-subtypes#why-instinctual-subtypes-matter,0,323,0.00,9.6
https://9takes.com/enneagram-corner/enneagram-medication-mental-health,0,16,0.00,13.6
https://9takes.com/enneagram-corner/enneagram-mental-health-flags#type-1-the-perfectionists-pressure-cooker,0,28,0.00,6.9
https://9takes.com/enneagram-corner/enneagram-mental-health-flags#type-2-the-helpers-hidden-cry-for-help,0,15,0.00,7.2
https://9takes.com/enneagram-corner/enneagram-mental-health-flags#type-3-the-achievers-authenticity-alarm,0,30,0.00,6.8
https://9takes.com/enneagram-corner/enneagram-mental-health-flags#type-4-the-individualists-emotional-tsunami-warning,0,23,0.00,6.5
https://9takes.com/enneagram-corner/enneagram-mental-health-flags#type-5-the-investigators-information-overload-alert,0,22,0.00,6.2
https://9takes.com/enneagram-corner/enneagram-mental-health-flags#type-6-the-loyalists-anxiety-alarm-system,0,22,0.00,7.0
https://9takes.com/enneagram-corner/enneagram-mental-health-flags#type-7-the-enthusiasts-escape-hatch-alert,0,31,0.00,6.4
https://9takes.com/enneagram-corner/enneagram-mental-health-flags#type-8-the-challengers-vulnerability-fortress-alarm,0,22,0.00,6.9
https://9takes.com/enneagram-corner/enneagram-party-planner#how-to-actually-get-each-type-to-show-up,0,3,0.00,10.7
https://9takes.com/enneagram-corner/enneagram-party-planner#type-1-the-perfectionist,0,3,0.00,10.7
https://9takes.com/enneagram-corner/enneagram-party-planner#type-3-the-achiever,0,2,0.00,10.5
https://9takes.com/enneagram-corner/enneagram-party-planner#type-4-the-individualist,0,2,0.00,10.5
https://9takes.com/enneagram-corner/enneagram-party-planner#type-5-the-observer,0,3,0.00,10.7
https://9takes.com/enneagram-corner/enneagram-party-planner#type-7-the-enthusiast,0,2,0.00,10.5
https://9takes.com/enneagram-corner/enneagram-party-planner#why-your-invites-arent-working,0,2,0.00,10.5
https://9takes.com/enneagram-corner/enneagram-personal-growth#the-growth-multiplier-effect,0,2,0.00,8.5
https://9takes.com/enneagram-corner/enneagram-personal-growth#type-1-the-perfectionist---from-critic-to-coach,0,3,0.00,9.0
https://9takes.com/enneagram-corner/enneagram-personal-growth#type-3-the-achiever---from-performer-to-person,0,1,0.00,10.0
https://9takes.com/enneagram-corner/enneagram-personal-growth#type-4-the-individualist---from-special-to-substantial,0,2,0.00,8.5
https://9takes.com/enneagram-corner/enneagram-science-mental-health,0,337,0.00,10.6
https://9takes.com/enneagram-corner/enneagram-self-development,0,144,0.00,25.5
https://9takes.com/enneagram-corner/enneagram-strengths-and-weaknesses#strengths-in-different-contexts,0,243,0.00,7.5
https://9takes.com/enneagram-corner/enneagram-strengths-and-weaknesses#type-1---the-perfectionist,0,374,0.00,7.2
https://9takes.com/enneagram-corner/enneagram-strengths-and-weaknesses#type-2---the-helper,0,249,0.00,7.4
https://9takes.com/enneagram-corner/enneagram-strengths-and-weaknesses#type-3---the-achiever,0,219,0.00,7.6
https://9takes.com/enneagram-corner/enneagram-strengths-and-weaknesses#type-4---the-individualist,0,296,0.00,7.4
https://9takes.com/enneagram-corner/enneagram-strengths-and-weaknesses#type-5---the-investigator,0,166,0.00,7.2
https://9takes.com/enneagram-corner/enneagram-strengths-and-weaknesses#type-6---the-loyalist,0,71,0.00,7.8
https://9takes.com/enneagram-corner/enneagram-strengths-and-weaknesses#type-7---the-enthusiast,0,67,0.00,7.1
https://9takes.com/enneagram-corner/enneagram-strengths-and-weaknesses#type-8---the-challenger,0,121,0.00,7.5
https://9takes.com/enneagram-corner/enneagram-strengths-and-weaknesses#type-9---the-peacemaker,0,90,0.00,8.3
https://9takes.com/enneagram-corner/enneagram-strengths-and-weaknesses#working-with-your-weaknesses-a-strategic-approach,0,375,0.00,7.3
https://9takes.com/enneagram-corner/enneagram-test-comparison-2025#faqs-about-enneagram-tests,0,154,0.00,7.2
https://9takes.com/enneagram-corner/enneagram-test-comparison-2025#quick-reference-test-comparison-table,0,75,0.00,7.4
https://9takes.com/enneagram-corner/enneagram-test-comparison-2025#red-flags-tests-to-avoid,0,59,0.00,7.5
https://9takes.com/enneagram-corner/enneagram-test-comparison-2025#the-10-best-enneagram-tests-for-2025-ranked,0,221,0.00,7.2
https://9takes.com/enneagram-corner/enneagram-test-comparison-2025#what-an-enneagram-test-actually-measures,0,109,0.00,7.5
https://9takes.com/enneagram-corner/enneagram-test-comparison-2025#what-to-do-after-you-get-your-results,0,7,0.00,8.0
https://9takes.com/enneagram-corner/enneagram-test-comparison-2025#which-test-should-you-take-decision-tree,0,67,0.00,7.6
https://9takes.com/enneagram-corner/enneagram-test-comparison-2025#why-most-enneagram-tests-fail,0,82,0.00,7.4
https://9takes.com/enneagram-corner/enneagram-tldr#how-you-fall-apart-and-grow,0,1,0.00,9.0
https://9takes.com/enneagram-corner/enneagram-tldr#narrow-down-your-type-in-30-seconds,0,1,0.00,9.0
https://9takes.com/enneagram-corner/enneagram-tldr#the-9-human-operating-systems,0,1,0.00,9.0
https://9takes.com/enneagram-corner/enneagram-tldr#the-uncomfortable-truth-test,0,1,0.00,9.0
https://9takes.com/enneagram-corner/enneagram-tldr#types-that-get-confused,0,1,0.00,9.0
https://9takes.com/enneagram-corner/enneagram-type-1#how-1s-handle-conflict-the-competency-approach,0,7,0.00,7.9
https://9takes.com/enneagram-corner/enneagram-type-1#relationships-the-improvement-project,0,8,0.00,8.3
https://9takes.com/enneagram-corner/enneagram-type-1#the-anger-underneath,0,7,0.00,7.9
https://9takes.com/enneagram-corner/enneagram-type-1#the-childhood-blueprint,0,7,0.00,7.9
https://9takes.com/enneagram-corner/enneagram-type-1#the-internal-courtroom,0,8,0.00,8.3
https://9takes.com/enneagram-corner/enneagram-type-1#the-perfection-paradox,0,7,0.00,7.9
https://9takes.com/enneagram-corner/enneagram-type-1#when-standards-shatter-ones-under-stress,0,7,0.00,7.9
https://9takes.com/enneagram-corner/enneagram-type-2#how-2s-handle-conflict-the-positive-outlook-approach,0,1,0.00,3.0
https://9takes.com/enneagram-corner/enneagram-type-2#relationships-the-givers-dilemma,0,1,0.00,3.0
https://9takes.com/enneagram-corner/enneagram-type-2#the-childhood-bargain,0,1,0.00,3.0
https://9takes.com/enneagram-corner/enneagram-type-2#the-emotional-shapeshifter,0,1,0.00,3.0
https://9takes.com/enneagram-corner/enneagram-type-2#the-one-way-mirror,0,1,0.00,3.0
https://9takes.com/enneagram-corner/enneagram-type-2#when-helpers-snap,0,1,0.00,3.0
https://9takes.com/enneagram-corner/enneagram-type-3#3s-at-work-the-corporate-natural,0,3,0.00,5.0
https://9takes.com/enneagram-corner/enneagram-type-3#how-3s-handle-conflict-the-competency-approach,0,3,0.00,5.0
https://9takes.com/enneagram-corner/enneagram-type-3#relationships-the-real-test,0,3,0.00,5.0
https://9takes.com/enneagram-corner/enneagram-type-3#the-achievement-machine,0,3,0.00,5.0
https://9takes.com/enneagram-corner/enneagram-type-3#the-deceit-problem,0,3,0.00,5.0
https://9takes.com/enneagram-corner/enneagram-type-3#the-heart-triad-paradox,0,3,0.00,5.0
https://9takes.com/enneagram-corner/enneagram-type-3#the-shape-shifting-self,0,3,0.00,5.0
https://9takes.com/enneagram-corner/enneagram-type-4#how-4s-handle-conflict-the-reactive-approach,0,2,0.00,2.0
https://9takes.com/enneagram-corner/enneagram-type-4#not-sure-if-youre-a-four,0,2,0.00,2.0
https://9takes.com/enneagram-corner/enneagram-type-4#relationships-the-impossible-equation,0,2,0.00,2.0
https://9takes.com/enneagram-corner/enneagram-type-4#the-original-wound,0,2,0.00,2.0
https://9takes.com/enneagram-corner/enneagram-type-4#what-others-see-vs-what-you-feel,0,2,0.00,2.0
https://9takes.com/enneagram-corner/enneagram-type-4#when-depth-becomes-desperation,0,2,0.00,2.0
https://9takes.com/enneagram-corner/enneagram-type-4#your-gifts-and-your-shadows,0,2,0.00,2.0
https://9takes.com/enneagram-corner/enneagram-type-5#fives-at-work,0,44,0.00,10.8
https://9takes.com/enneagram-corner/enneagram-type-5#how-5s-handle-conflict-the-competency-approach,0,38,0.00,10.7
https://9takes.com/enneagram-corner/enneagram-type-5#reading-a-five-what-people-get-wrong,0,35,0.00,10.8
https://9takes.com/enneagram-corner/enneagram-type-5#the-childhood-blueprint,0,77,0.00,10.5
https://9takes.com/enneagram-corner/enneagram-type-5#the-cost-of-distance,0,66,0.00,10.6
https://9takes.com/enneagram-corner/enneagram-type-5#the-fortress-mind,0,34,0.00,10.8
https://9takes.com/enneagram-corner/enneagram-type-5#when-the-fortress-crumbles-fives-under-stress,0,66,0.00,10.6
https://9takes.com/enneagram-corner/enneagram-type-5#when-the-mind-catches-fire,0,10,0.00,10.7
https://9takes.com/enneagram-corner/enneagram-type-6#how-6s-handle-conflict-the-reactive-approach,0,5,0.00,9.6
https://9takes.com/enneagram-corner/enneagram-type-6#the-body-keeps-score,0,3,0.00,10.7
https://9takes.com/enneagram-corner/enneagram-type-6#the-childhood-betrayal,0,3,0.00,10.7
https://9takes.com/enneagram-corner/enneagram-type-6#the-devils-advocate-reflex,0,3,0.00,10.7
https://9takes.com/enneagram-corner/enneagram-type-6#the-loyalty-loop,0,5,0.00,9.6
https://9takes.com/enneagram-corner/enneagram-type-6#two-flavors-of-fear-phobic-vs-counterphobic,0,4,0.00,9.3
https://9takes.com/enneagram-corner/enneagram-type-6#wings-how-your-neighbors-shape-you,0,4,0.00,10.8
https://9takes.com/enneagram-corner/enneagram-type-7#how-7s-handle-conflict-the-positive-outlook-approach,0,30,0.00,2.4
https://9takes.com/enneagram-corner/enneagram-type-7#how-you-navigate-relationships,0,30,0.00,2.4
https://9takes.com/enneagram-corner/enneagram-type-7#how-your-possibility-engine-works,0,30,0.00,2.4
https://9takes.com/enneagram-corner/enneagram-type-7#the-tradeoffs-lets-be-real,0,30,0.00,2.4
https://9takes.com/enneagram-corner/enneagram-type-7#what-happens-when-you-cant-escape,0,30,0.00,2.4
https://9takes.com/enneagram-corner/enneagram-type-7#where-this-all-started,0,30,0.00,2.4
https://9takes.com/enneagram-corner/enneagram-type-7#your-mind-works-like-jazz-improvisation,0,30,0.00,2.4
https://9takes.com/enneagram-corner/enneagram-type-8#how-8s-handle-conflict-the-reactive-approach,0,2,0.00,10.5
https://9takes.com/enneagram-corner/enneagram-type-8#life-at-full-volume,0,1,0.00,11.0
https://9takes.com/enneagram-corner/enneagram-type-8#power-at-work,0,3,0.00,7.3
https://9takes.com/enneagram-corner/enneagram-type-8#relationships-where-armor-meets-intimacy,0,2,0.00,5.5
https://9takes.com/enneagram-corner/enneagram-type-8#the-architecture-of-armor,0,3,0.00,7.3
https://9takes.com/enneagram-corner/enneagram-type-8#the-hand-on-the-back-of-the-neck,0,1,0.00,11.0
https://9takes.com/enneagram-corner/enneagram-type-8#the-hidden-cost-of-invulnerability,0,2,0.00,5.5
https://9takes.com/enneagram-corner/enneagram-type-8#the-path-forward-strength-through-selective-exposure,0,1,0.00,1.0
https://9takes.com/enneagram-corner/enneagram-type-8#the-siege-8s-under-stress,0,1,0.00,11.0
https://9takes.com/enneagram-corner/enneagram-type-8#the-wound-that-creates-the-warrior,0,2,0.00,5.5
https://9takes.com/enneagram-corner/enneagram-type-8#when-the-armor-cracks-8s-under-stress,0,2,0.00,5.5
https://9takes.com/enneagram-corner/enneagram-type-8#where-armor-meets-intimacy,0,1,0.00,11.0
https://9takes.com/enneagram-corner/enneagram-type-9#how-9s-handle-conflict-the-positive-outlook-approach,0,73,0.00,8.9
https://9takes.com/enneagram-corner/enneagram-type-9#how-nines-navigate-the-world,0,34,0.00,8.8
https://9takes.com/enneagram-corner/enneagram-type-9#nines-in-relationships,0,43,0.00,8.8
https://9takes.com/enneagram-corner/enneagram-type-9#the-comfort-of-routine,0,55,0.00,8.7
https://9takes.com/enneagram-corner/enneagram-type-9#when-things-get-overwhelming,0,6,0.00,4.8
https://9takes.com/enneagram-corner/enneagram-type-9#where-this-started,0,36,0.00,8.6
https://9takes.com/enneagram-corner/enneagram-type-9#your-body-knows-even-when-you-dont,0,6,0.00,4.8
https://9takes.com/enneagram-corner/enneagram-types-and-career-choices#7-signs-youre-in-the-wrong-job-for-your-type,0,11,0.00,7.5
https://9takes.com/enneagram-corner/enneagram-types-and-career-choices#career-match-comparison-table,0,32,0.00,7.5
https://9takes.com/enneagram-corner/enneagram-types-and-career-choices#type-1---the-perfectionist-pursuing-excellence-in-their-chosen-field,0,24,0.00,9.9
https://9takes.com/enneagram-corner/enneagram-types-and-career-choices#type-2---the-helper-building-careers-around-empowering-others,0,31,0.00,9.7
https://9takes.com/enneagram-corner/enneagram-types-and-career-choices#type-3---the-achiever-driven-to-succeed-in-high-powered-roles,0,28,0.00,9.8
https://9takes.com/enneagram-corner/enneagram-types-and-career-choices#type-4---the-individualist-expressing-creativity-in-unique-careers,0,39,0.00,9.6
https://9takes.com/enneagram-corner/enneagram-types-and-career-choices#type-5---the-investigator-analyzing-complex-problems-in-specialized-fields,0,23,0.00,9.7
https://9takes.com/enneagram-corner/enneagram-types-and-career-choices#type-6---the-loyalist-finding-security-in-responsible-positions,0,22,0.00,10.3
https://9takes.com/enneagram-corner/enneagram-types-and-career-choices#why-the-enneagram-matters-in-career-choice,0,67,0.00,8.4
https://9takes.com/enneagram-corner/enneagram-types-at-party#party-behavior-cheat-sheet,0,50,0.00,6.2
https://9takes.com/enneagram-corner/enneagram-types-at-party#type-1-the-secret-party-police,0,36,0.00,5.9
https://9takes.com/enneagram-corner/enneagram-types-at-party#type-2-the-emotional-support-party,0,31,0.00,6.1
https://9takes.com/enneagram-corner/enneagram-types-at-party#type-3-the-party-ceo,0,33,0.00,6.2
https://9takes.com/enneagram-corner/enneagram-types-at-party#type-4-the-partys-dark-poet,0,30,0.00,6.1
https://9takes.com/enneagram-corner/enneagram-types-at-party#type-5-the-party-anthropologist,0,43,0.00,6.3
https://9takes.com/enneagram-corner/enneagram-types-at-party#type-6-the-party-safety-officer,0,1,0.00,7.0
https://9takes.com/enneagram-corner/enneagram-types-at-party#type-7-the-party-maximizer,0,33,0.00,6.2
https://9takes.com/enneagram-corner/enneagram-types-being-ghosted#the-universal-ghosting-recovery-protocol,0,1,0.00,7.0
https://9takes.com/enneagram-corner/enneagram-types-being-ghosted#type-1-the-perfectionist,0,1,0.00,8.0
https://9takes.com/enneagram-corner/enneagram-types-being-ghosted#type-2-the-helper,0,2,0.00,6.0
https://9takes.com/enneagram-corner/enneagram-types-being-ghosted#type-3-the-achiever,0,3,0.00,6.0
https://9takes.com/enneagram-corner/enneagram-types-being-ghosted#type-4-the-individualist,0,4,0.00,6.3
https://9takes.com/enneagram-corner/enneagram-types-being-ghosted#type-5-the-investigator,0,3,0.00,4.0
https://9takes.com/enneagram-corner/enneagram-types-being-ghosted#type-6-the-loyalist,0,1,0.00,6.0
https://9takes.com/enneagram-corner/enneagram-types-being-ghosted#type-7-the-enthusiast,0,1,0.00,4.0
https://9takes.com/enneagram-corner/enneagram-types-being-ghosted#type-8-the-challenger,0,2,0.00,4.0
https://9takes.com/enneagram-corner/enneagram-types-being-ghosted#type-9-the-peacemaker,0,2,0.00,5.0
https://9takes.com/enneagram-corner/enneagram-types-being-ghosted#why-each-type-ghosts-comparison-table,0,5,0.00,5.4
https://9takes.com/enneagram-corner/enneagram-types-in-relationships#enneagram-compatibility-which-types-work-best-together,0,46,0.00,7.3
https://9takes.com/enneagram-corner/enneagram-types-in-relationships#enneagram-relationship-patterns-at-a-glance,0,4,0.00,5.0
https://9takes.com/enneagram-corner/enneagram-types-in-relationships#how-each-enneagram-type-behaves-in-relationships,0,82,0.00,7.4
https://9takes.com/enneagram-corner/enneagram-types-in-relationships#quick-enneagram-compatibility-overview,0,44,0.00,7.2
https://9takes.com/enneagram-corner/enneagram-types-in-relationships#type-1-in-relationships-when-perfect-love-meets-imperfect-reality,0,29,0.00,7.4
https://9takes.com/enneagram-corner/enneagram-types-in-relationships#type-2-in-relationships-the-cost-of-loving-without-limits,0,1,0.00,6.0
https://9takes.com/enneagram-corner/enneagram-types-in-relationships#type-4-in-relationships-the-intensity-of-longing-for-understanding,0,10,0.00,7.8
https://9takes.com/enneagram-corner/enneagram-types-in-relationships#type-5-in-relationships-love-at-a-safe-distance,0,6,0.00,8.8
https://9takes.com/enneagram-corner/enneagram-types-in-relationships#type-6-in-relationships-testing-trust-while-craving-security,0,12,0.00,8.1
https://9takes.com/enneagram-corner/enneagram-types-in-relationships#type-7-in-relationships-fear-of-missing-out-on-everything-including-depth,0,8,0.00,6.5
https://9takes.com/enneagram-corner/enneagram-types-in-relationships#type-8-in-relationships-armor-so-strong-it-keeps-love-out,0,3,0.00,10.0
https://9takes.com/enneagram-corner/enneagram-types-in-relationships#type-9-in-relationships-keeping-peace-by-losing-pieces-of-themselves,0,3,0.00,8.7
https://9takes.com/enneagram-corner/enneagram-types-in-relationships#what-happens-when-opposite-types-date,0,1,0.00,11.0
https://9takes.com/enneagram-corner/enneagram-types-in-stress#enneagram-1-in-stress,0,18,0.00,10.5
https://9takes.com/enneagram-corner/enneagram-types-in-stress#enneagram-2-in-stress,0,21,0.00,9.9
https://9takes.com/enneagram-corner/enneagram-types-in-stress#enneagram-3-in-stress,0,39,0.00,9.9
https://9takes.com/enneagram-corner/enneagram-types-in-stress#enneagram-4-in-stress,0,35,0.00,10.1
https://9takes.com/enneagram-corner/enneagram-types-in-stress#enneagram-5-in-stress,0,38,0.00,9.9
https://9takes.com/enneagram-corner/enneagram-types-in-stress#enneagram-6-in-stress,0,32,0.00,10.2
https://9takes.com/enneagram-corner/enneagram-types-in-stress#enneagram-7-in-stress,0,36,0.00,10.1
https://9takes.com/enneagram-corner/enneagram-types-in-stress#enneagram-8-in-stress,0,39,0.00,10.1
https://9takes.com/enneagram-corner/enneagram-types-in-stress#stress-breakdown-comparison-table,0,13,0.00,9.6
https://9takes.com/enneagram-corner/enneagram-types-on-a-first-date#type-1-the-perfectionist---planning-the-perfect-date,0,15,0.00,8.0
https://9takes.com/enneagram-corner/enneagram-types-on-a-first-date#type-2-the-helper---creating-connection-through-care,0,8,0.00,8.4
https://9takes.com/enneagram-corner/enneagram-types-on-a-first-date#type-3-the-achiever---putting-their-best-self-forward,0,15,0.00,7.5
https://9takes.com/enneagram-corner/enneagram-types-on-a-first-date#type-4-the-individualist---seeking-authentic-connection,0,8,0.00,8.3
https://9takes.com/enneagram-corner/enneagram-types-on-a-first-date#type-5-the-investigator---analyzing-the-connection,0,15,0.00,8.9
https://9takes.com/enneagram-corner/enneagram-types-on-a-first-date#type-6-the-loyalist---cautiously-optimistic,0,16,0.00,8.9
https://9takes.com/enneagram-corner/enneagram-types-on-a-first-date#type-7-the-enthusiast---seeking-adventure-and-possibility,0,7,0.00,8.0
https://9takes.com/enneagram-corner/enneagram-types-working-in-teams#enneagram-type-2-the-helper-who-keeps-teams-connected,0,1,0.00,10.0
https://9takes.com/enneagram-corner/enneagram-types-working-in-teams#enneagram-type-5-the-investigator-who-provides-insight,0,1,0.00,11.0
https://9takes.com/enneagram-corner/enneagram-types-working-in-teams#how-each-enneagram-type-works-in-a-team,0,2,0.00,10.5
https://9takes.com/enneagram-corner/enneagram-vs-meyers-briggs#mbti-to-enneagram-common-correlations,0,19,0.00,8.4
https://9takes.com/enneagram-corner/enneagram-vs-meyers-briggs#the-core-difference-in-one-sentence,0,18,0.00,8.4
https://9takes.com/enneagram-corner/enneagram-vs-meyers-briggs#the-dynamic-vs-static-problem,0,2,0.00,10.0
https://9takes.com/enneagram-corner/enneagram-vs-meyers-briggs#what-myers-briggs-actually-measures,0,3,0.00,8.7
https://9takes.com/enneagram-corner/enneagram-vs-meyers-briggs#what-the-enneagram-actually-measures,0,4,0.00,9.3
https://9takes.com/enneagram-corner/enneagram-vs-meyers-briggs#which-should-you-take-first,0,2,0.00,10.0
https://9takes.com/enneagram-corner/enneagram-wings-complete-guide#all-18-wing-combinations-at-a-glance,0,110,0.00,8.2
https://9takes.com/enneagram-corner/enneagram-wings-complete-guide#common-wing-mistyping-patterns,0,76,0.00,8.3
https://9takes.com/enneagram-corner/enneagram-wings-complete-guide#how-all-18-wing-combinations-differ,0,8,0.00,8.9
https://9takes.com/enneagram-corner/enneagram-wings-complete-guide#how-to-identify-your-true-wing,0,74,0.00,8.3
https://9takes.com/enneagram-corner/enneagram-wings-complete-guide#how-wings-actually-work-the-mechanism-most-people-miss,0,79,0.00,8.4
https://9takes.com/enneagram-corner/enneagram-wings-complete-guide#the-18-wing-combinations-deep-dive-analysis,0,101,0.00,8.3
https://9takes.com/enneagram-corner/enneagram-wings-complete-guide#what-are-enneagram-wings-and-why-they-matter-more-than-you-think,0,96,0.00,8.3
https://9takes.com/enneagram-corner/enneagram-wings-complete-guide#wing-dynamics-in-relationships,0,88,0.00,8.3
https://9takes.com/enneagram-corner/enneagram-wings-complete-guide#wings-at-work,0,47,0.00,7.9
https://9takes.com/enneagram-corner/enneagram-workplace-team-building,0,60,0.00,25.4
https://9takes.com/enneagram-corner/first-impression-enneagram-playbook,0,9,0.00,7.8
https://9takes.com/enneagram-corner/how-each-enneagram-type-manipulates#are-you-the-manipulator,0,16,0.00,7.4
https://9takes.com/enneagram-corner/how-each-enneagram-type-manipulates#frequently-asked-questions,0,134,0.00,6.2
https://9takes.com/enneagram-corner/how-each-enneagram-type-manipulates#manipulation-tactics-at-a-glance,0,114,0.00,6.3
https://9takes.com/enneagram-corner/how-each-enneagram-type-manipulates#the-psychology-of-manipulation,0,176,0.00,6.4
https://9takes.com/enneagram-corner/how-each-enneagram-type-manipulates#type-1-moral-superiority,0,179,0.00,6.1
https://9takes.com/enneagram-corner/how-each-enneagram-type-manipulates#type-2-guilt-and-obligation,0,45,0.00,5.9
https://9takes.com/enneagram-corner/how-each-enneagram-type-manipulates#type-3-image-crafting,0,18,0.00,6.4
https://9takes.com/enneagram-corner/how-each-enneagram-type-manipulates#type-4-emotional-drama,0,54,0.00,5.8
https://9takes.com/enneagram-corner/how-each-enneagram-type-manipulates#type-5-withholding-and-superiority,0,41,0.00,7.0
https://9takes.com/enneagram-corner/how-each-enneagram-type-manipulates#type-6-testing-and-accusation,0,130,0.00,5.9
https://9takes.com/enneagram-corner/how-each-enneagram-type-manipulates#type-7-distraction-and-reframing,0,13,0.00,6.2
https://9takes.com/enneagram-corner/how-each-enneagram-type-manipulates#type-8-intimidation-and-dominance,0,36,0.00,5.4
https://9takes.com/enneagram-corner/how-each-enneagram-type-manipulates#type-9-passive-resistance,0,162,0.00,6.0
https://9takes.com/enneagram-corner/how-each-enneagram-type-manipulates#when-manipulation-becomes-abuse,0,176,0.00,6.2
https://9takes.com/enneagram-corner/how-each-enneagram-type-self-sabotages-success#type-1-paralysis-by-perfectionism,0,4,0.00,9.0
https://9takes.com/enneagram-corner/how-each-enneagram-type-self-sabotages-success#type-4-creative-blocks-and-comparison-spirals,0,4,0.00,9.0
https://9takes.com/enneagram-corner/how-each-enneagram-type-self-sabotages-success#type-5-analysis-paralysis,0,4,0.00,9.0
https://9takes.com/enneagram-corner/how-each-enneagram-type-self-sabotages-success#type-6-worst-case-spiraling,0,4,0.00,9.0
https://9takes.com/enneagram-corner/how-each-enneagram-type-self-sabotages-success#type-7-shiny-object-syndrome,0,4,0.00,9.0
https://9takes.com/enneagram-corner/how-each-enneagram-type-self-sabotages-success#type-8-burning-bridges,0,4,0.00,9.0
https://9takes.com/enneagram-corner/how-each-enneagram-type-self-sabotages-success#type-9-procrastination-and-numbing,0,4,0.00,9.0
https://9takes.com/enneagram-corner/how-to-apologize-like-a-pro#how-to-tell-if-their-apology-is-real-based-on-their-type,0,8,0.00,5.0
https://9takes.com/enneagram-corner/how-to-apologize-like-a-pro#nine-apologies-one-for-each-types-blind-spot,0,13,0.00,4.7
https://9takes.com/enneagram-corner/how-to-apologize-like-a-pro#six-components-of-a-real-apology--and-the-ones-your-type-skips,0,8,0.00,5.0
https://9takes.com/enneagram-corner/how-to-apologize-like-a-pro#when-your-apology-meets-their-type,0,8,0.00,5.0
https://9takes.com/enneagram-corner/how-to-apologize-like-a-pro#where-each-types-apology-breaks-down,0,13,0.00,4.7
https://9takes.com/enneagram-corner/love-languages-and-enneagram-types#how-to-discover-your-partners-love-language--enneagram-combination,0,125,0.00,8.1
https://9takes.com/enneagram-corner/love-languages-and-enneagram-types#the-45-combination-matrix,0,1,0.00,10.0
https://9takes.com/enneagram-corner/love-languages-and-enneagram-types#the-wings-instincts-and-health-wrinkle,0,3,0.00,7.3
https://9takes.com/enneagram-corner/love-languages-and-enneagram-types#type-1-the-perfectionists-love-language,0,101,0.00,8.6
https://9takes.com/enneagram-corner/love-languages-and-enneagram-types#type-2-the-helpers-love-language-paradox,0,118,0.00,8.5
https://9takes.com/enneagram-corner/love-languages-and-enneagram-types#type-3-the-achievers-performance-love,0,48,0.00,9.5
https://9takes.com/enneagram-corner/love-languages-and-enneagram-types#type-5-the-investigators-independent-love,0,77,0.00,8.7
https://9takes.com/enneagram-corner/love-languages-and-enneagram-types#type-6-the-loyalists-security-love,0,97,0.00,8.6
https://9takes.com/enneagram-corner/love-languages-and-enneagram-types#type-7-the-enthusiasts-adventure-love,0,3,0.00,8.3
https://9takes.com/enneagram-corner/love-languages-and-enneagram-types#type-8-the-challengers-power-love,0,86,0.00,8.7
https://9takes.com/enneagram-corner/love-languages-and-enneagram-types#type-9-the-peacemakers-harmony-love,0,48,0.00,7.9
https://9takes.com/enneagram-corner/love-languages-and-enneagram-types#what-chapmans-quiz-gets-right-and-what-it-misses,0,5,0.00,10.0
https://9takes.com/enneagram-corner/mental-health/enneagram-addiction-recovery-guide#addiction-isnt-random--its-personality-shaped,0,79,0.00,7.0
https://9takes.com/enneagram-corner/mental-health/enneagram-addiction-recovery-guide#type-1-the-perfectionists-addictions,0,71,0.00,7.6
https://9takes.com/enneagram-corner/mental-health/enneagram-addiction-recovery-guide#type-2-the-helpers-addictions,0,45,0.00,7.9
https://9takes.com/enneagram-corner/mental-health/enneagram-addiction-recovery-guide#type-3-the-achievers-addictions,0,69,0.00,7.2
https://9takes.com/enneagram-corner/mental-health/enneagram-addiction-recovery-guide#type-4-the-individualists-addictions,0,24,0.00,7.5
https://9takes.com/enneagram-corner/mental-health/enneagram-addiction-recovery-guide#type-5-the-investigators-addictions,0,21,0.00,6.7
https://9takes.com/enneagram-corner/mental-health/enneagram-addiction-recovery-guide#type-6-the-loyalists-addictions,0,6,0.00,6.7
https://9takes.com/enneagram-corner/mental-health/enneagram-addiction-recovery-guide#type-7-the-enthusiasts-addictions,0,74,0.00,7.4
https://9takes.com/enneagram-corner/mental-health/enneagram-addiction-recovery-guide#type-8-the-challengers-addictions,0,44,0.00,8.1
https://9takes.com/enneagram-corner/mental-health/enneagram-addiction-recovery-guide#type-9-the-peacemakers-addictions,0,83,0.00,7.5
https://9takes.com/enneagram-corner/mental-health/enneagram-addiction-recovery-guide#universal-recovery-principles,0,17,0.00,6.8
https://9takes.com/enneagram-corner/mental-health/enneagram-anxiety-complete-guide#quick-reference-every-types-anxiety-pattern,0,1,0.00,6.0
https://9takes.com/enneagram-corner/mental-health/enneagram-anxiety-complete-guide#type-1-the-perfectionists-anxiety,0,37,0.00,10.1
https://9takes.com/enneagram-corner/mental-health/enneagram-anxiety-complete-guide#type-2-the-helpers-anxiety,0,37,0.00,10.2
https://9takes.com/enneagram-corner/mental-health/enneagram-anxiety-complete-guide#type-3-the-achievers-anxiety,0,46,0.00,9.8
https://9takes.com/enneagram-corner/mental-health/enneagram-anxiety-complete-guide#type-4-the-individualists-anxiety,0,35,0.00,10.3
https://9takes.com/enneagram-corner/mental-health/enneagram-anxiety-complete-guide#type-5-the-investigators-anxiety,0,42,0.00,9.7
https://9takes.com/enneagram-corner/mental-health/enneagram-anxiety-complete-guide#type-6-the-loyalists-anxiety,0,48,0.00,9.8
https://9takes.com/enneagram-corner/mental-health/enneagram-anxiety-complete-guide#type-7-the-enthusiasts-anxiety,0,35,0.00,10.3
https://9takes.com/enneagram-corner/mental-health/enneagram-anxiety-complete-guide#where-your-anxiety-lives-the-three-centers,0,1,0.00,6.0
https://9takes.com/enneagram-corner/mental-health/enneagram-crisis-management-guide#type-1-the-perfectionist-in-crisis,0,20,0.00,9.0
https://9takes.com/enneagram-corner/mental-health/enneagram-crisis-management-guide#type-2-the-helper-in-crisis,0,7,0.00,8.9
https://9takes.com/enneagram-corner/mental-health/enneagram-crisis-management-guide#type-3-the-achiever-in-crisis,0,30,0.00,8.2
https://9takes.com/enneagram-corner/mental-health/enneagram-crisis-management-guide#type-4-the-individualist-in-crisis,0,32,0.00,8.1
https://9takes.com/enneagram-corner/mental-health/enneagram-crisis-management-guide#type-5-the-investigator-in-crisis,0,6,0.00,8.8
https://9takes.com/enneagram-corner/mental-health/enneagram-crisis-management-guide#type-6-the-loyalist-in-crisis,0,16,0.00,9.3
https://9takes.com/enneagram-corner/mental-health/enneagram-crisis-management-guide#type-7-the-enthusiast-in-crisis,0,22,0.00,8.9
https://9takes.com/enneagram-corner/mental-health/enneagram-crisis-management-guide#type-8-the-challenger-in-crisis,0,21,0.00,9.0
https://9takes.com/enneagram-corner/mental-health/enneagram-crisis-management-guide#understanding-crisis-through-the-enneagram,0,21,0.00,8.1
https://9takes.com/enneagram-corner/mental-health/enneagram-medication-mental-health#type-1-the-perfectionist-and-medication,0,25,0.00,4.8
https://9takes.com/enneagram-corner/mental-health/enneagram-medication-mental-health#type-2-the-helper-and-medication,0,12,0.00,4.7
https://9takes.com/enneagram-corner/mental-health/enneagram-medication-mental-health#type-3-the-achiever-and-medication,0,2,0.00,3.0
https://9takes.com/enneagram-corner/mental-health/enneagram-medication-mental-health#type-4-the-individualist-and-medication,0,39,0.00,4.2
https://9takes.com/enneagram-corner/mental-health/enneagram-medication-mental-health#type-5-the-investigator-and-medication,0,36,0.00,4.1
https://9takes.com/enneagram-corner/mental-health/enneagram-medication-mental-health#type-6-the-loyalist-and-medication,0,24,0.00,4.8
https://9takes.com/enneagram-corner/mental-health/enneagram-medication-mental-health#type-7-the-enthusiast-and-medication,0,2,0.00,6.0
https://9takes.com/enneagram-corner/mental-health/enneagram-medication-mental-health#type-8-the-challenger-and-medication,0,19,0.00,5.1
https://9takes.com/enneagram-corner/mental-health/enneagram-medication-mental-health#type-9-the-peacemaker-and-medication,0,21,0.00,4.9
https://9takes.com/enneagram-corner/mental-health/enneagram-medication-mental-health#universal-medication-principles,0,14,0.00,4.7
https://9takes.com/enneagram-corner/mental-health/enneagram-medication-mental-health#why-your-type-matters-more-than-you-think,0,6,0.00,4.0
https://9takes.com/enneagram-corner/mental-health/enneagram-neurodivergence-guide#type-1-the-perfectionist--neurodivergence,0,634,0.00,7.2
https://9takes.com/enneagram-corner/mental-health/enneagram-neurodivergence-guide#type-2-the-helper--neurodivergence,0,746,0.00,6.9
https://9takes.com/enneagram-corner/mental-health/enneagram-neurodivergence-guide#type-3-the-achiever--neurodivergence,0,540,0.00,7.3
https://9takes.com/enneagram-corner/mental-health/enneagram-neurodivergence-guide#type-4-the-individualist--neurodivergence,0,782,0.00,7.0
https://9takes.com/enneagram-corner/mental-health/enneagram-neurodivergence-guide#type-5-the-investigator--neurodivergence,0,441,0.00,7.5
https://9takes.com/enneagram-corner/mental-health/enneagram-neurodivergence-guide#type-6-the-loyalist--neurodivergence,0,74,0.00,6.5
https://9takes.com/enneagram-corner/mental-health/enneagram-neurodivergence-guide#type-7-the-enthusiast--neurodivergence,0,472,0.00,7.6
https://9takes.com/enneagram-corner/mental-health/enneagram-neurodivergence-guide#type-8-the-challenger--neurodivergence,0,263,0.00,7.0
https://9takes.com/enneagram-corner/mental-health/enneagram-neurodivergence-guide#type-9-the-peacemaker--neurodivergence,0,236,0.00,7.2
https://9takes.com/enneagram-corner/mental-health/enneagram-neurodivergence-guide#what-were-covering,0,159,0.00,9.4
https://9takes.com/enneagram-corner/mental-health/enneagram-science-mental-health#clinical-applications,0,47,0.00,9.6
https://9takes.com/enneagram-corner/mental-health/enneagram-science-mental-health#limitations-and-criticisms-a-balanced-perspective,0,17,0.00,9.9
https://9takes.com/enneagram-corner/mental-health/enneagram-science-mental-health#neuroscience-of-the-enneagram,0,36,0.00,9.5
https://9takes.com/enneagram-corner/mental-health/enneagram-science-mental-health#the-scientific-foundation,0,47,0.00,9.6
https://9takes.com/enneagram-corner/neurodiversity-vs-personality#toc-both-can-be-true,0,20,0.00,8.6
https://9takes.com/enneagram-corner/neurodiversity-vs-personality#toc-from-labels-to-leverage,0,12,0.00,8.8
https://9takes.com/enneagram-corner/neurodiversity-vs-personality#toc-how-the-enneagram-actually-works,0,18,0.00,8.5
https://9takes.com/enneagram-corner/neurodiversity-vs-personality#toc-neurodiversity-is-real-and-thats-exactly-the-point,0,21,0.00,8.6
https://9takes.com/enneagram-corner/neurodiversity-vs-personality#toc-the-real-truth-no-one-is-normal,0,12,0.00,8.8
https://9takes.com/enneagram-corner/neurodiversity-vs-personality#toc-the-spectrum-is-real-but-its-missing-a-dimension,0,17,0.00,8.8
https://9takes.com/enneagram-corner/neurodiversity-vs-personality#toc-when-everyones-neurodivergent-no-one-is,0,14,0.00,8.8
https://9takes.com/enneagram-corner/philosophy-psychology-and-the-enneagram#freuds-idea-of-the-psyche,0,2,0.00,9.0
https://9takes.com/enneagram-corner/philosophy-psychology-and-the-enneagram#platos-idea-of-the-soul,0,2,0.00,9.0
https://9takes.com/enneagram-corner/philosophy-psychology-and-the-enneagram#the-enneagram-framework,0,2,0.00,9.0
https://9takes.com/enneagram-corner/red-flags-dating-each-enneagram-type,0,134,0.00,11.4
https://9takes.com/enneagram-corner/subtopic/development,0,29,0.00,6.0
https://9takes.com/enneagram-corner/subtopic/resources,0,5,0.00,23.8
https://9takes.com/enneagram-corner/subtopic/situational,0,85,0.00,19.5
https://9takes.com/enneagram-corner/toxic-traits-of-each-enneagram-type#the-darker-side-of-personality-why-everyone-has-toxic-traits,0,610,0.00,7.7
https://9takes.com/enneagram-corner/toxic-traits-of-each-enneagram-type#toxic-traits-red-flags-by-type,0,624,0.00,7.6
https://9takes.com/enneagram-corner/toxic-traits-of-each-enneagram-type#type-1-the-righteous-critic-whos-never-wrong,0,723,0.00,8.3
https://9takes.com/enneagram-corner/toxic-traits-of-each-enneagram-type#type-2-the-helper-with-hidden-hooks,0,758,0.00,8.5
https://9takes.com/enneagram-corner/toxic-traits-of-each-enneagram-type#type-3-the-success-addict-with-empty-achievements,0,470,0.00,8.7
https://9takes.com/enneagram-corner/toxic-traits-of-each-enneagram-type#type-4-the-emotional-amplifier-who-makes-everything-feel-personal,0,813,0.00,8.4
https://9takes.com/enneagram-corner/toxic-traits-of-each-enneagram-type#type-5-the-cold-analyzer-who-cant-connect,0,252,0.00,9.9
https://9takes.com/enneagram-corner/toxic-traits-of-each-enneagram-type#type-6-the-paranoid-overthinker-preparing-for-disasters,0,795,0.00,8.4
https://9takes.com/enneagram-corner/toxic-traits-of-each-enneagram-type#type-7-the-chronic-escapist-running-from-reality,0,502,0.00,8.7
https://9takes.com/enneagram-corner/toxic-traits-relationships-warning-signs#relationship-red-flags-by-type,0,470,0.00,8.0
https://9takes.com/enneagram-corner/toxic-traits-relationships-warning-signs#toxic-relationship-patterns-by-enneagram-type,0,487,0.00,8.1
https://9takes.com/enneagram-corner/toxic-traits-relationships-warning-signs#why-were-drawn-to-toxic-traits-against-our-better-judgment,0,366,0.00,8.4
https://9takes.com/enneagram-corner/why-the-next-thing-wont-fix-it-type-7#pattern-1-you-stopped-running-from-one-specific-pain,0,3,0.00,3.7
https://9takes.com/enneagram-corner/why-the-next-thing-wont-fix-it-type-7#pattern-2-the-right-container-found-you,0,7,0.00,3.3
https://9takes.com/enneagram-corner/why-the-next-thing-wont-fix-it-type-7#pattern-3-commitment-didnt-kill-you-it-unlocked-you,0,3,0.00,3.7
https://9takes.com/enneagram-corner/why-the-next-thing-wont-fix-it-type-7#pattern-4-you-built-your-own-platform,0,3,0.00,3.7
https://9takes.com/enneagram-corner/why-the-next-thing-wont-fix-it-type-7#pattern-5-you-used-pain-as-material-not-something-to-outrun,0,3,0.00,3.7
https://9takes.com/enneagram-corner/why-the-next-thing-wont-fix-it-type-7#the-17-type-7s-studied,0,7,0.00,3.3
https://9takes.com/how-to-guides,0,35,0.00,5.1
https://9takes.com/how-to-guides/definitive-guide-to-relationship-conflict-part-2,0,18,0.00,21.1
https://9takes.com/how-to-guides/the-crash-course-on-emotions-that-we-missed-in-kindergarten,0,32,0.00,19.5
https://9takes.com/how-to-guides/using-the-enneagram-for-self-development,0,122,0.00,20.3
https://9takes.com/personality-analysis/Abraham-Lincoln,0,6,0.00,25.2
https://9takes.com/personality-analysis/Alex-Karp,0,52,0.00,9.3
https://9takes.com/personality-analysis/Alix-Earle,0,31,0.00,8.9
https://9takes.com/personality-analysis/Andrew-Schulz,0,12,0.00,5.8
https://9takes.com/personality-analysis/Benson-Boone,0,5,0.00,7.0
https://9takes.com/personality-analysis/Brittany-Broski,0,8,0.00,21.5
https://9takes.com/personality-analysis/Charli-D'Amelio,0,17,0.00,10.1
https://9takes.com/personality-analysis/Chris-Hemsworth,0,5,0.00,14.4
https://9takes.com/personality-analysis/Chris-Williamson,0,2,0.00,6.5
https://9takes.com/personality-analysis/Conor-McGregor,0,10,0.00,7.9
https://9takes.com/personality-analysis/Dave-Chappelle,0,20,0.00,8.6
https://9takes.com/personality-analysis/Dax-Shepard,0,4,0.00,9.5
https://9takes.com/personality-analysis/Emma-Stone,0,20,0.00,8.9
https://9takes.com/personality-analysis/Hailey-Bieber,0,1,0.00,5.0
https://9takes.com/personality-analysis/Jacob-Elordi,0,7,0.00,6.9
https://9takes.com/personality-analysis/Jake-Gyllenhaal,0,1,0.00,7.0
https://9takes.com/personality-analysis/Joaquin-Phoenix,0,5,0.00,3.0
https://9takes.com/personality-analysis/Joe-Biden,0,1,0.00,8.0
https://9takes.com/personality-analysis/Jordan-Peterson,0,37,0.00,7.6
https://9takes.com/personality-analysis/Julius-Caesar,0,83,0.00,8.6
https://9takes.com/personality-analysis/Keke-Palmer,0,9,0.00,8.0
https://9takes.com/personality-analysis/Leila-Hormozi,0,7,0.00,14.6
https://9takes.com/personality-analysis/Lupita-Nyongo,0,12,0.00,14.3
https://9takes.com/personality-analysis/Nancy-Reagan,0,2,0.00,10.0
https://9takes.com/personality-analysis/Napoleon-Bonaparte,0,47,0.00,8.9
https://9takes.com/personality-analysis/Nikola-Tesla,0,1,0.00,1.0
https://9takes.com/personality-analysis/Pete-Davidson,0,25,0.00,9.2
https://9takes.com/personality-analysis/Pete-Davidson#a-dare-at-a-bowling-alley,0,2,0.00,6.0
https://9takes.com/personality-analysis/Pete-Davidson#the-boy-who-lost-the-ground-beneath-him,0,2,0.00,6.0
https://9takes.com/personality-analysis/Pete-Davidson#the-relationship-pattern,0,2,0.00,6.0
https://9takes.com/personality-analysis/Pete-Davidson#what-is-pete-davidsons-personality-type,0,2,0.00,6.0
https://9takes.com/personality-analysis/Pokimane,0,86,0.00,8.2
https://9takes.com/personality-analysis/Ryan-Reynolds,0,1,0.00,1.0
https://9takes.com/personality-analysis/Saagar-Enjeti,0,28,0.00,7.0
https://9takes.com/personality-analysis/Sam-Parr,0,8,0.00,7.8
https://9takes.com/personality-analysis/Sarah-J-Maas,0,4,0.00,16.3
https://9takes.com/personality-analysis/Shawn-Ryan,0,38,0.00,8.6
https://9takes.com/personality-analysis/Sundar-Pichai,0,5,0.00,10.6
https://9takes.com/personality-analysis/Tara-Yummy,0,23,0.00,7.7
https://9takes.com/personality-analysis/Tim-Cook,0,10,0.00,7.2
https://9takes.com/personality-analysis/Travis-Kalanick,0,45,0.00,6.9
https://9takes.com/personality-analysis/abraham-lincoln,0,24,0.00,8.0
https://9takes.com/personality-analysis/addison-rae,0,45,0.00,8.9
https://9takes.com/personality-analysis/adele,0,16,0.00,9.6
https://9takes.com/personality-analysis/agatha-christie#agatha-christies-childhood-seeds-of-a-mystery-writer,0,115,0.00,6.7
https://9takes.com/personality-analysis/agatha-christie#agatha-christies-childhood-the-girl-who-taught-herself-to-read,0,30,0.00,8.1
https://9takes.com/personality-analysis/agatha-christie#agatha-christies-inner-demons-anxiety-depression-and-creative-genius,0,127,0.00,7.0
https://9takes.com/personality-analysis/agatha-christie#agatha-christies-second-life-the-archaeologists-eye,0,168,0.00,6.9
https://9takes.com/personality-analysis/agatha-christie#how-agatha-christie-learned-to-kill-people-on-paper,0,20,0.00,8.8
https://9takes.com/personality-analysis/agatha-christie#how-did-agatha-christie-write-her-novels-the-secret-process-behind-66-detective-novels,0,238,0.00,6.9
https://9takes.com/personality-analysis/agatha-christie#poirot-vs-marple-the-two-sides-of-christies-mind,0,108,0.00,7.1
https://9takes.com/personality-analysis/agatha-christie#what-is-agatha-christies-personality-type,0,32,0.00,8.0
https://9takes.com/personality-analysis/agatha-christie#why-agatha-christie-disappeared-for-11-days,0,32,0.00,8.0
https://9takes.com/personality-analysis/agatha-christie#why-did-agatha-christie-disappear-the-psychological-mystery-behind-her-famous-vanishing-act,0,140,0.00,7.2
https://9takes.com/personality-analysis/albert-einstein,0,264,0.00,11.5
https://9takes.com/personality-analysis/alex-cooper#from-an-apartment-to-a-war,0,50,0.00,5.7
https://9takes.com/personality-analysis/alex-cooper#how-she-gets-them-to-talk,0,30,0.00,5.9
https://9takes.com/personality-analysis/alex-cooper#the-girl-in-the-control-room,0,49,0.00,5.7
https://9takes.com/personality-analysis/alex-cooper#what-is-alex-coopers-personality-type,0,49,0.00,5.7
https://9takes.com/personality-analysis/alex-cooper#what-the-coach-wouldnt-say,0,30,0.00,5.9
https://9takes.com/personality-analysis/alex-cooper#what-they-actually-get-from-her,0,31,0.00,6.0
https://9takes.com/personality-analysis/alex-hormozi#from-top-secret-clearance-to-sleeping-on-a-floor-mat,0,9,0.00,8.6
https://9takes.com/personality-analysis/alex-hormozi#inside-hormozis-mind-the-operating-system,0,31,0.00,7.9
https://9takes.com/personality-analysis/alex-hormozi#the-body-as-brand-hormozis-physical-transformation,0,9,0.00,8.6
https://9takes.com/personality-analysis/alex-hormozi#the-frugality-paradox-rich-man-simple-lifestyle,0,9,0.00,8.6
https://9takes.com/personality-analysis/alex-hormozi#the-iranian-american-drive-how-his-father-shaped-everything,0,9,0.00,8.6
https://9takes.com/personality-analysis/alex-hormozi#the-tony-robbins-conversation-when-a-type-3-confronts-his-shadow,0,31,0.00,7.9
https://9takes.com/personality-analysis/alex-hormozi#what-is-alex-hormozis-personality-type,0,31,0.00,7.9
https://9takes.com/personality-analysis/alex-karp#alex-karps-outsider-childhood,0,4,0.00,9.3
https://9takes.com/personality-analysis/alex-karp#how-alex-karp-became-palantirs-war-tech-ceo,0,6,0.00,9.0
https://9takes.com/personality-analysis/alex-karp#how-alex-karp-learned-to-fight-with-ideas,0,6,0.00,9.0
https://9takes.com/personality-analysis/alex-karp#what-is-alex-karps-personality-type,0,4,0.00,9.3
https://9takes.com/personality-analysis/alex-karp#why-alex-karp-cant-sit-still,0,4,0.00,9.3
https://9takes.com/personality-analysis/alex-karp#why-he-hid-the-dyslexia-for-decades,0,4,0.00,9.3
https://9takes.com/personality-analysis/alex-warren,0,70,0.00,12.6
https://9takes.com/personality-analysis/alexandria-ocasio-cortez#boston-university-and-the-ted-kennedy-connection,0,14,0.00,4.2
https://9takes.com/personality-analysis/alexandria-ocasio-cortez#taking-on-titans,0,14,0.00,4.2
https://9takes.com/personality-analysis/alexandria-ocasio-cortez#the-aoc-way-personality-in-action,0,29,0.00,5.9
https://9takes.com/personality-analysis/alexandria-ocasio-cortez#the-bronx-where-it-started,0,14,0.00,4.2
https://9takes.com/personality-analysis/alexandria-ocasio-cortez#the-lost-decade,0,35,0.00,5.3
https://9takes.com/personality-analysis/alexandria-ocasio-cortez#the-pelosi-dynamic-type-6-meets-type-3,0,20,0.00,3.8
https://9takes.com/personality-analysis/alexandria-ocasio-cortez#what-is-alexandria-ocasio-cortezs-personality-type,0,35,0.00,5.3
https://9takes.com/personality-analysis/alexis-bledel,0,42,0.00,7.3
https://9takes.com/personality-analysis/ali-abdaal,0,94,0.00,8.3
https://9takes.com/personality-analysis/alix-earle,0,58,0.00,9.7
https://9takes.com/personality-analysis/alysa-liu,0,307,0.00,15.3
https://9takes.com/personality-analysis/amber-heard#coming-out-a-calculated-risk-2010,0,5,0.00,5.6
https://9takes.com/personality-analysis/amber-heard#the-activist-identity-what-she-actually-did,0,5,0.00,5.6
https://9takes.com/personality-analysis/amber-heard#the-aquaman-2-humiliation,0,4,0.00,5.8
https://9takes.com/personality-analysis/amber-heard#the-depp-relationship-type-3-meets-type-4,0,6,0.00,5.8
https://9takes.com/personality-analysis/amber-heard#the-making-of-a-performer,0,5,0.00,5.6
https://9takes.com/personality-analysis/amber-heard#the-struggle-years-2004-2008,0,1,0.00,5.0
https://9takes.com/personality-analysis/amber-heard#the-trial-a-type-3s-worst-nightmare,0,4,0.00,5.8
https://9takes.com/personality-analysis/amber-heard#what-is-amber-heards-personality-type,0,6,0.00,5.8
https://9takes.com/personality-analysis/amelia-dimoldenberg,0,46,0.00,7.8
https://9takes.com/personality-analysis/amy-poehler,0,51,0.00,9.7
https://9takes.com/personality-analysis/ana-de-armas,0,66,0.00,11.4
https://9takes.com/personality-analysis/andrew-ross-sorkin,0,29,0.00,9.9
https://9takes.com/personality-analysis/anne-hathaway,0,57,0.00,10.5
https://9takes.com/personality-analysis/anthony-bourdain,0,146,0.00,9.4
https://9takes.com/personality-analysis/anya-taylor-joy#i-am-the-first-ugly-emma,0,1,0.00,9.0
https://9takes.com/personality-analysis/anya-taylor-joy#i-had-no-energy-to-put-a-boundary-up,0,7,0.00,7.4
https://9takes.com/personality-analysis/anya-taylor-joy#if-you-stop-you-wont-regret-it,0,1,0.00,9.0
https://9takes.com/personality-analysis/anya-taylor-joy#mouth-closed-no-emotion-speak-with-your-eyes,0,1,0.00,9.0
https://9takes.com/personality-analysis/anya-taylor-joy#too-many-feelings-and-nowhere-to-put-them,0,7,0.00,7.4
https://9takes.com/personality-analysis/anya-taylor-joy#what-is-anya-taylor-joys-personality-type,0,7,0.00,7.4
https://9takes.com/personality-analysis/ariana-grande#from-florida-to-broadway-to-the-oscars,0,61,0.00,8.5
https://9takes.com/personality-analysis/ariana-grande#music-as-evidence,0,61,0.00,8.5
https://9takes.com/personality-analysis/ariana-grande#the-four-octave-range-mastery-as-identity,0,73,0.00,8.2
https://9takes.com/personality-analysis/ariana-grande#what-is-ariana-grandes-personality-type,0,79,0.00,8.3
https://9takes.com/personality-analysis/ariana-grande#when-the-scoreboard-doesnt-cooperate,0,55,0.00,8.4
https://9takes.com/personality-analysis/ariana-grande#why-not-type-2-or-type-4,0,73,0.00,8.2
https://9takes.com/personality-analysis/arnold-schwarzenegger#emotions-on-deep-freeze,0,19,0.00,5.8
https://9takes.com/personality-analysis/arnold-schwarzenegger#the-boy-gustav-didnt-want,0,25,0.00,6.0
https://9takes.com/personality-analysis/arnold-schwarzenegger#the-first-schmah,0,19,0.00,5.8
https://9takes.com/personality-analysis/arnold-schwarzenegger#the-machine-and-the-accent,0,25,0.00,6.0
https://9takes.com/personality-analysis/arnold-schwarzenegger#the-secret-that-lasted-14-years,0,19,0.00,5.8
https://9takes.com/personality-analysis/arnold-schwarzenegger#what-is-arnold-schwarzeneggers-personality-type,0,25,0.00,6.0
https://9takes.com/personality-analysis/aubrey-plaza#building-ground-underfoot-from-survival-mode-to-control,0,12,0.00,8.8
https://9takes.com/personality-analysis/aubrey-plaza#i-forgot-how-to-talk-the-stroke-that-changed-everything,0,19,0.00,7.7
https://9takes.com/personality-analysis/aubrey-plaza#seven-seasons-of-found-family-parks-and-recreation,0,28,0.00,8.4
https://9takes.com/personality-analysis/aubrey-plaza#the-best-time-of-my-life-ucb-and-the-underground,0,18,0.00,7.6
https://9takes.com/personality-analysis/aubrey-plaza#the-shy-girl-from-delaware-who-watched-her-parents-build-from-nothing,0,23,0.00,9.2
https://9takes.com/personality-analysis/aubrey-plaza#weaponized-awkwardness-how-discomfort-became-a-tool,0,12,0.00,8.8
https://9takes.com/personality-analysis/bad-bunny,0,56,0.00,6.0
https://9takes.com/personality-analysis/barack-obama#no-drama-obama-and-what-the-composure-cost,0,3,0.00,11.0
https://9takes.com/personality-analysis/barack-obama#the-boy-between-worlds,0,2,0.00,11.0
https://9takes.com/personality-analysis/barack-obama#the-man-watching-himself-watch-himself,0,2,0.00,11.0
https://9takes.com/personality-analysis/barack-obama#what-is-barack-obamas-personality-type,0,3,0.00,11.0
https://9takes.com/personality-analysis/bella-hadid,0,152,0.00,9.4
https://9takes.com/personality-analysis/bella-poarch,0,186,0.00,8.2
https://9takes.com/personality-analysis/ben-affleck,0,19,0.00,8.8
https://9takes.com/personality-analysis/benson-boone#benson-boones-personality-quirks-and-habits,0,322,0.00,8.3
https://9takes.com/personality-analysis/benson-boone#benson-boones-upbringing,0,320,0.00,8.3
https://9takes.com/personality-analysis/benson-boone#rise-to-fame,0,322,0.00,8.3
https://9takes.com/personality-analysis/benson-boone#what-is-benson-boones-personality-type,0,290,0.00,8.3
https://9takes.com/personality-analysis/bernard-arnault#a-childhood-between-an-engineer-and-a-pianist,0,45,0.00,6.3
https://9takes.com/personality-analysis/bernard-arnault#how-bernard-arnault-bought-dior-for-one-franc,0,45,0.00,6.2
https://9takes.com/personality-analysis/bernard-arnault#the-1989-takeover-that-ended-a-friendship,0,44,0.00,6.2
https://9takes.com/personality-analysis/bernard-arnault#the-saturday-morning-pope-of-fashion,0,44,0.00,6.2
https://9takes.com/personality-analysis/bernard-arnault#what-is-bernard-arnaults-personality-type,0,93,0.00,6.3
https://9takes.com/personality-analysis/bernard-arnault#why-bernard-arnault-wanted-herms,0,91,0.00,6.3
https://9takes.com/personality-analysis/bernie-sanders,0,77,0.00,14.2
https://9takes.com/personality-analysis/bernie-sanders#the-decades-nobody-was-watching,0,1,0.00,6.0
https://9takes.com/personality-analysis/bernie-sanders#the-eight-and-a-half-hour-sermon,0,1,0.00,6.0
https://9takes.com/personality-analysis/bernie-sanders#the-rent-controlled-apartment-on-kings-highway,0,2,0.00,6.5
https://9takes.com/personality-analysis/bernie-sanders#they-say-i-can-be-nasty,0,2,0.00,6.5
https://9takes.com/personality-analysis/bernie-sanders#what-is-bernie-sanders-personality-type,0,2,0.00,6.5
https://9takes.com/personality-analysis/bert-kreischer,0,7,0.00,7.1
https://9takes.com/personality-analysis/beyonce-knowles#the-cuts-that-made-destinys-child,0,27,0.00,8.1
https://9takes.com/personality-analysis/beyonce-knowles#the-girl-in-the-salon,0,32,0.00,7.9
https://9takes.com/personality-analysis/beyonce-knowles#the-machine-she-built-herself,0,26,0.00,8.0
https://9takes.com/personality-analysis/beyonce-knowles#the-woman-she-invented,0,26,0.00,8.0
https://9takes.com/personality-analysis/beyonce-knowles#what-is-beyoncs-personality-type,0,35,0.00,8.2
https://9takes.com/personality-analysis/beyonce-knowles#what-mathew-built,0,34,0.00,8.1
https://9takes.com/personality-analysis/bill-clinton,0,153,0.00,12.2
https://9takes.com/personality-analysis/bill-gates#from-harvard-dropout-to-microsoft-mastermind,0,7,0.00,6.9
https://9takes.com/personality-analysis/bill-gates#lakeside-allen-and-the-friend-he-lost,0,7,0.00,6.9
https://9takes.com/personality-analysis/bill-gates#the-emotional-gates-behind-the-machine,0,7,0.00,6.9
https://9takes.com/personality-analysis/bill-gates#the-harsh-brilliance-gates-leadership-style,0,7,0.00,6.9
https://9takes.com/personality-analysis/bill-gates#the-investigators-quirks-and-habits,0,7,0.00,6.9
https://9takes.com/personality-analysis/bill-gates#the-making-of-an-investigator-gates-childhood,0,7,0.00,6.9
https://9takes.com/personality-analysis/bill-gates#under-fire-the-antitrust-years,0,7,0.00,6.9
https://9takes.com/personality-analysis/billie-eilish#i-felt-like-a-parody-of-myself,0,60,0.00,9.6
https://9takes.com/personality-analysis/billie-eilish#the-bedroom-in-highland-park,0,15,0.00,7.9
https://9takes.com/personality-analysis/billie-eilish#the-body-that-betrayed-her,0,14,0.00,9.4
https://9takes.com/personality-analysis/billie-eilish#the-brother-the-blood-harmony-the-fight,0,63,0.00,9.3
https://9takes.com/personality-analysis/billie-eilish#the-clothes-the-cover-and-the-wound-underneath,0,9,0.00,9.2
https://9takes.com/personality-analysis/billie-eilish#the-whisper-and-the-weight,0,9,0.00,9.2
https://9takes.com/personality-analysis/billie-eilish#what-is-billie-eilishs-personality-type,0,67,0.00,9.3
https://9takes.com/personality-analysis/blake-lively#from-the-hospital-to-the-set,0,74,0.00,8.5
https://9takes.com/personality-analysis/blake-lively#i-would-shape-myself-to-the-version-they-wanted,0,57,0.00,8.2
https://9takes.com/personality-analysis/blake-lively#the-wit-that-cuts,0,53,0.00,8.3
https://9takes.com/personality-analysis/blake-lively#what-is-blake-livelys-personality-type,0,83,0.00,8.4
https://9takes.com/personality-analysis/blake-lively#what-she-controls,0,83,0.00,8.4
https://9takes.com/personality-analysis/blake-lively#when-the-curated-world-cracked,0,58,0.00,8.3
https://9takes.com/personality-analysis/bob-dylan#behind-dark-glasses-the-private-struggles-fueling-creativity,0,119,0.00,8.1
https://9takes.com/personality-analysis/bob-dylan#how-a-hibbing-kid-named-zimmerman-invented-bob-dylan,0,80,0.00,7.0
https://9takes.com/personality-analysis/bob-dylan#like-a-rolling-stone-and-the-missing-person-inside,0,57,0.00,7.2
https://9takes.com/personality-analysis/bob-dylan#minnesota-to-manhattan-the-outsider-finds-his-stage,0,120,0.00,8.1
https://9takes.com/personality-analysis/bob-dylan#never-ending-tour-dylans-perpetual-motion,0,119,0.00,8.1
https://9takes.com/personality-analysis/bob-dylan#newport-65-the-moment-that-split-dylans-world-in-two,0,119,0.00,8.1
https://9takes.com/personality-analysis/bob-dylan#nobel-prize-ambivalence-dylans-complicated-dance-with-recognition,0,119,0.00,8.1
https://9takes.com/personality-analysis/bob-dylan#reinvention-as-ritual-dylans-many-masks,0,182,0.00,8.1
https://9takes.com/personality-analysis/bob-dylan#the-label-bob-dylan-spent-his-life-escaping,0,84,0.00,7.0
https://9takes.com/personality-analysis/bob-dylan#what-is-bob-dylans-personality-type,0,79,0.00,7.3
https://9takes.com/personality-analysis/bob-dylan#why-bob-dylan-went-electric-at-newport,0,57,0.00,7.2
https://9takes.com/personality-analysis/bobby-lee,0,117,0.00,7.3
https://9takes.com/personality-analysis/brad-pitt#behind-the-camera-producer-builder-humanitarian,0,63,0.00,5.1
https://9takes.com/personality-analysis/brad-pitt#f1-and-the-late-career-renaissance,0,62,0.00,5.1
https://9takes.com/personality-analysis/brad-pitt#fight-club-to-ad-astra-what-the-roles-reveal,0,62,0.00,5.1
https://9takes.com/personality-analysis/brad-pitt#from-university-dropout-to-thelma-and-louise,0,63,0.00,5.1
https://9takes.com/personality-analysis/brad-pitt#love-family-and-the-type-9-merging-pattern,0,68,0.00,5.2
https://9takes.com/personality-analysis/brad-pitt#springfield-missouri-how-the-heartland-shaped-hollywoods-most-laid-back-star,0,67,0.00,5.2
https://9takes.com/personality-analysis/brad-pitt#the-inner-world-behind-those-eyes,0,2,0.00,4.5
https://9takes.com/personality-analysis/brad-pitt#what-stresses-brad-pitt-out,0,72,0.00,5.3
https://9takes.com/personality-analysis/bradley-martyn,0,57,0.00,6.9
https://9takes.com/personality-analysis/britney-spears,0,15,0.00,7.2
https://9takes.com/personality-analysis/caleb-hearon#chillicothe-missouri-where-the-engine-started,0,1,0.00,1.0
https://9takes.com/personality-analysis/caleb-hearon#everything-i-do-is-about-home,0,1,0.00,1.0
https://9takes.com/personality-analysis/caleb-hearon#how-hearon-got-funny-and-why-it-saved-his-life,0,1,0.00,1.0
https://9takes.com/personality-analysis/caleb-hearon#the-eavesdropper-who-became-the-voice,0,1,0.00,1.0
https://9takes.com/personality-analysis/caleb-hearon#what-is-caleb-hearons-personality-type,0,1,0.00,1.0
https://9takes.com/personality-analysis/casey-neistat#800-days-inside-the-camera,0,31,0.00,9.3
https://9takes.com/personality-analysis/casey-neistat#the-brothers-the-ipod-and-the-city-that-wouldnt-let-him-leave,0,32,0.00,9.3
https://9takes.com/personality-analysis/casey-neistat#the-son-he-left-behind,0,47,0.00,9.6
https://9takes.com/personality-analysis/casey-neistat#the-unsupervised-childhood-that-taught-him-to-roam,0,31,0.00,9.3
https://9takes.com/personality-analysis/casey-neistat#turning-a-nike-ad-into-a-personal-manifesto,0,47,0.00,9.6
https://9takes.com/personality-analysis/casey-neistat#what-is-casey-neistats-personality-type,0,48,0.00,9.6
https://9takes.com/personality-analysis/categories/authors-thinkers,0,4,0.00,10.5
https://9takes.com/personality-analysis/categories/creator-media,0,60,0.00,7.3
https://9takes.com/personality-analysis/categories/film-tv,0,28,0.00,6.6
https://9takes.com/personality-analysis/categories/politics-public,0,33,0.00,11.8
https://9takes.com/personality-analysis/categories/tech-business,0,1,0.00,3.0
https://9takes.com/personality-analysis/cathie-wood,0,41,0.00,6.8
https://9takes.com/personality-analysis/chamath-palihapitiya,0,131,0.00,8.1
