research	research	0	1110s
draft	draft	0	1194s
review-subject	review	0	387s
review-fan	review	0	410s
review-critic	review	0	384s
review-unfamiliar	review	0	792s
review-enneagram	review	0	512s
review-future	review	0	279s
edit	edit	0	1542s
verify-edit	verify	0	950s
repair	edit	0	839s
research	research	0	1296s
draft	draft	0	1833s
review-subject	review	1	31686s
review-subject	review	0	539s
review-fan	review	0	1040s
review-critic	review	0	516s
review-unfamiliar	review	0	522s
review-enneagram	review	0	364s
review-future	review	0	446s
edit	edit	0	1934s
verify-edit	verify	0	1396s
repair	edit	0	819s
verify-repair	verify	0	1187s
