keyword,tier,gsc_impr_90d,gsc_pos,google_2026_10_06,page,lever
enneagram and mental illness,defend,11948,1.5,"#1 · 9takes, reddit, fherehab",/enneagram-corner/enneagram-and-mental-illness,"Get cited in the AI Overview above you (it cites psychiatryonline, reddit, fherehab). Add a clinician referral block; that's also the clinician-swap opener."
adhd enneagram,defend,70,3.3,,/enneagram-corner/enneagram-and-adhd-which-types-struggle-most,Hold. Pitch ADHD reWired + shimmer.care for links.
which enneagram is most likely to be depressed,defend,82,4.3,,/enneagram-corner/depression-patterns-by-enneagram-type,Direct one-line answer at the top to win the snippet.
enneagram compatibility chart,defend,944,6.3,"#3 · enneagraminstitute, reddit, 9takes",/enneagram-corner/enneagram-compatibility-matrix,Add a pick-two-types selector (takes the spam-only “calculator” SERP too) and earn 2–3 links. The Meaning Movement’s widely-ranked page says no such chart exists; yours is the literal answer.
famous enneagram 1 (and 2–9),defend,259,7.6,"#3 · enneagramuniverse, truity, 9takes",/personality-analysis/type/1,"Put the count in the title (“29 famous Type 1s, typed with evidence”)."
sabrina carpenter personality type,defend,1005,5.5,"#2 · personality-database, 9takes, reddit",/personality-analysis/sabrina-carpenter,Snippet must name the type. #2 with 0.3% CTR. Wait for the Jordi title read (~11-01) before bulk title passes.
messi personality type,defend,1254,7.6,"#2 · personality-database, 9takes, sportpersonalities",/personality-analysis/lionel-messi,Same snippet fix. Impressions tripled since July.
enneagram statistics,defend,34,9.8,"#3 + #9 · reddit, enneagram-personality, 9takes",/enneagram-corner/how-common-is-each-enneagram-type · /corpus-stats,This is the data-pitch landing page. Every stat pitch links here.
worst enneagram type,defend,229,9.9,"#4 · reddit, psychologyjunkie, truity",/enneagram-corner/toxic-traits-of-each-enneagram-type,"229 impressions, 0 clicks. Title and first line have to answer “which is worst”."
which enneagram is most likely to be a narcissist,defend,73,11.3 → #5,"#5 · lesliehershberger, psychologyjunkie, reddit",/enneagram-corner/which-enneagram-type-is-most-likely-to-be-a-narcissist,New page (10-04) already #5. Clinician links push it up.
most manipulative enneagram,defend,88,5.9,,/enneagram-corner/how-each-enneagram-type-manipulates,Answer the superlative directly in the first line.
best free enneagram test,push,1780,11–12,"not in top 17 today · truity, reddit, personalitypath",/enneagram-corner/enneagram-test-comparison-2026,"Comparison table above the fold. Get on the test roundups. Your own test is unscored, which keeps you off most lists (see decision 2)."
enneagram type compatibility,push,615,15.5,"#10 · enneagraminstitute, enneagramuniverse, mindbodygreen",/enneagram-corner/enneagram-compatibility-matrix,Links. Competitor articles are 2021–23 prose with no chart.
enneagram career,push,482,15.0,"not in top 17 · lifegoalsmag, reddit, jobcannon",/enneagram-corner/enneagram-types-and-career-choices,Add career-by-type data from the 451 profiles. Weakest SERP in the core cluster.
enneagram for personal growth,push,592,21.0,"not in top 17 · reddit, medium, enneagraminstitute",/enneagram-corner/enneagram-personal-growth,Thin SERP. 3–5 relevant links should do it.
enneagram 9 celebrities,push,167,10.8,,/personality-analysis/type/9,Count-in-title + links from Enneagram Universe / Psychology Junkie.
enneagram celebrities,push,17,20.8,"not in top 17 · enneagramuniverse, reddit, truity",(no all-types hub),Needs an all-nine hub: “451 public figures typed”. Pairs with /corpus-stats.
sp blind enneagram,push,265,10.4,,/enneagram-corner/enneagram-instinctual-subtypes,Dedicated section or page. Competitor is a podcast dormant since 2022.
which enneagram is most likely to cheat,push,132,8.7,,/enneagram-corner/toxic-traits-relationships-warning-signs,Direct-answer H2. Almost no real competition.
zendaya personality,push,663,10.2,,/personality-analysis/zendaya,Snippet fix. Field is spam and zodiac pages.
taylor swift enneagram,push,210,9.9,,/personality-analysis/taylor-swift,Title has no type word. Check query mix first (Jordi rule).
enneagram type 9 / enneagram 9,wall,1413,43–45,"not in top 16 · enneagraminstitute, lorrensiucounseling, integrative9",/enneagram-corner/enneagram-type-9,Links over 6–12 months. Don’t rewrite the page.
enneagram and relationships,wall,1107,28–37,"not in top 17 · enneagraminstitute, drdaviddaniels, reddit",/enneagram-corner/relationship-communication-guide,"Authority. Relationship creators (Ashton, Dr. Lena Agree) are the link source."
enneagram and teams / in the workplace,wall,1116,35–62,,/enneagram-corner/enneagram-types-working-in-teams,Workplace query has no owner; 62 means a page-intent mismatch. Enneagram at Work podcast is the link.
enneagram and parenting,wall,499,36.3,,/enneagram-corner/enneagram-parenting-styles,SERP is mostly book listings. Links + a sharper page.
enneagram instinctual variants,wall,414,40.1,,/enneagram-corner/enneagram-instinctual-subtypes,Win sp/sx/so blind long tail first.
enneagram and leadership,wall,243,55.7,,/enneagram-corner/enneagram-leadership,"“Which types lead” page with founder data, then links."
enneagram and spirituality,wall,464,44.7,,/enneagram-corner/enneagram-and-religion,"Skip. Christian/contemplative SERP, weak fit for 9takes’ voice."
the office enneagram,claim,0,—,"relevantmagazine, reddit (2020), medium, tumblr",src/blog/pop-culture/the-office-enneagram-types.md (published: false),Publish the finished draft. It’s been on the July plan for 3 months.
enneagram community / forum,claim,356,33.3,"reddit, narrativeenneagram, internationalenneagram",/questions (Google sends it to /enneagram-corner),Retitle /questions with the words people search: “Enneagram community Q&A”.
what enneagram type are most ceos,claim,0,—,"wecreateproblems, alidunn (no data on either)",(none),Data page: Type 3 is most common among 80 founders (25%); Type 5 is most over-represented (+15 pp).
how to talk to an enneagram 8 / questions to ask an enneagram N,claim,0,—,"crystalknows, enneagramtest, goodreads",(none),“In their own words” pages built from one give-first question per type.
enneagram anxiety / enneagram trauma,claim,0,—,"podcast show notes, small counselors",(none),"Weak SERPs, but health topics: co-author with a clinician (Hanna Woody) or skip."
tritype compatibility / compatibility calculator,claim,111,6.5–9.7,spam pages,/enneagram-corner/enneagram-compatibility-matrix,Picker + tritype section on the matrix.
any question page (/questions/*),blocked,144,—,,/questions/[slug],Google sees the question and nothing else. No answers in the HTML. See decision 1.
